species,family,predated,hatched,infertile,other_failed,Failed_together ,N-nests,Incubation_days,obs_time,Exposure_days,Latitude,Longitude,Locality,State,years,mean_year,years_nr,DPRtrans,DPR_orig,TPR_orig,References and notes,,,,,
Actitis_hypoleucos,Scolopacidae,2,30,0,1,3,33,25.5,0.5,401.625,54.505,-3.051,"Sedbergh, England",UK,1937-1951,1944,14,YES,0.00498,0.12,Cuthbertson et al. 1952,,,,,
Actitis_hypoleucos,Scolopacidae,7,78,0,3,10,88,25.5,0.5,1058.25,53.403,-1.789,Alport and Ashop river,UK,1977-1980,1978,4,YES,0.00661,0.16,Holland et al. 1982,,,,,
Actitis_hypoleucos,Scolopacidae,4,19,0,10,14,33,25.5,0.6,397.8,50.195,15.977,Orlice,Czech Rep.,1977-1988,1982,8,YES,0.01006,0.23,Dolanský & Žďárek 2001,,,,,
Actitis_macularius,Scolopacidae,82,157,0,0,82,239,24.5,0.9,4365.9,47.112,-94.372,"Little Pelican Island, Minesotta",USA,1975-1990,1982,15,YES,0.01878,0.37,Alberico et al. 1991,,,,,
Actitis_macularius,Scolopacidae,6,25,0,4,10,35,24.5,0.6,441,42.34,-82.979,"Belle isle, Detroit river, Michigan",USA,1947,1947,1,YES,0.01361,0.29,Miller & Miller 1948,,,,,
Actitis_macularius,Scolopacidae,1,21,0,0,1,22,24.5,0.6,316.05,41.203,-72.119,"Great Gull Island, New York",USA,1970-1971,1970,2,YES,0.00316,0.07,Hays 1972,,,,,
Actitis_macularius,Scolopacidae,8,7,0,3,11,18,24.5,0.9,275.625,47.336,-95.193,"near La Salle lagoon, Minnesota",USA,1970-1972,1971,3,YES,0.02902,0.51,Oring & Knudson 1972,,,,,
Actitis_macularius,Scolopacidae,1,19,0,1,2,21,24.5,0.6,294,42.995,-87.882,"Milwaukee, Wisconsin",USA,1944,1944,1,YES,0.00340,0.08,Cialdini & Orians 1944,,,,,
Actophilornis_africanus,Jacanidae,85,30,0,8,93,123,25.5,0.9,1755.675,-24.672,28.660,"Deelkraal Dam, Transvaal",South Africa,1981-1988,1984,9,YES,0.04841,0.72,Tarboton 1994,,,,,
Anarhynchus_frontalis,Charadriidae,7,29,0,22,29,58,32,0.6,835.2,-43.545,172.186,Rakaia and Ashey river,New Zealand,1982-1983,1982,2,YES,0.00838,0.24,Hughey 1985,,,,,
Arenaria_interpres,Scolopacidae,35,55,0,7,42,97,25.9,0.6,1045.5,64.017,-81.783,"Southampot Island, East Bay migratory bird sanctuary",Canada,2000-2003,2001,4,NO,0.03348,0.59,Perkins et al. 2007,,,,,
Arenaria_interpres,Scolopacidae,4,43,0,0,4,47,25.9,0.6,699.3,68.61,171.241,Bay of Chaun and Koljuchinskaja,Rusisa,1972-1980,1976,9,YES,0.00572,0.14,Kondrjatev 1982,,,,,
Bartramia_longicauda,Scolopacidae,168,414,0,26,194,608,27,0.6,8278.2,47.551,-101.002,"North Dacota + some data also from South Dacota, Manitoba and Montana",USA,1963-1991,1977,28,YES,0.02029,0.43,Kantrud & Higgins 1992,,,,,
Burhinus_oedicnemus,Burhinidae,50,60,0,12,62,122,27,0.6,1474.2,51.195,-1.903,"Salisbury plain, Wessex",UK,2004-2005,2004,2,YES,0.03392,0.61,Taylor 2006,,,,,
Burhinus_oedicnemus,Burhinidae,21,80,0,4,25,105,27,0.6,1498.5,27.683,65.233,Nag valley,Pakistan,1999-2001,2000,3,YES,0.01401,0.32,"Nadeem at al. 2014, Nadeem in litt.",,,,,
Burhinus_vermiculatus,Burhinidae,7,19,0,1,8,27,27,0.9,558.9,-30.972,30.282,Mpenjati Nature Reserve,South Africa,2001-2003,2002,3,YES,0.01252,0.29,Dobson 2004,,,,,
Calidris_acuminata,Scolopacidae,10,5,0,0,10,15,26,0.5,77.5,72.906,106.104,Lower Khatanga River,Rusisa,2001-2012,2006,12,NO,0.12903,0.97,"Arctic Shorebird Demographics Network 2016, Soloviev et al. 2010, M. Soloviev in litt.",,,,,
Calidris_alba,Scolopacidae,3,9,0,2,5,14,30.5,0.6,210.45,75.728,-99.094,Bathurst Island,Canada,1968-1969,1968,2,YES,0.01426,0.35,Parmelee 1970,,,,,
Calidris_alba,Scolopacidae,25,NA,NA,1,26,74,30.5,NA,771.5,74.478,-20.555,Zackenberg,Greenland,"1996-1999, 2000-2002, 2004-2006",2001,10,NO,0.03240,0.63,"Hansen et al. 2010, J. Hansen in litt.",,,,,
Calidris_alpina,Scolopacidae,101,116,0,5,106,222,25,0.6,2379,57.338,-7.385,"South Uist, Hebrides",UK,1985-1997,1991,5,NO,0.04245,0.66,Jackson & Green 2000,,,,,
Calidris_alpina,Scolopacidae,122,60,0,21,143,203,25,0.6,1972.5,55.47,12.970,SW Skane (Soutwest Sweeden),Sweeden,1981-1986,1983,6,YES,0.06185,0.80,Jönsson 1991,,,,,
Calidris_alpina,Scolopacidae,5,30,0,0,5,35,25,0.6,487.5,70.380,-149.534,"Kuparuk Oilfield, North Slope, Alaska",USA,1989-1992,1990,4,YES,0.01026,0.23,Moitoret et al. 1996,,,,,
Calidris_alpina,Scolopacidae,25,94,0,5,30,127,25,0.6,1678.5,58.701,-93.802,"Churchill, Manitoba",Canada,"1964-1967, 2011-2014 ",1988,8,YES,0.01489,0.31,"Jehl 1971, Arctic Shorebird Demographics Network 2016",,,,,
Calidris_alpina,Scolopacidae,16,30,0,0,16,46,25,0.6,570,68.61,171.241,Bay of Chaun and Koljuchinskaja,Rusisa,1972-1980,1976,9,YES,0.02807,0.51,Kondrjatev 1982,,,,,
Calidris_alpina,Scolopacidae,6,21,0,0,6,27,25,0.6,393,73.079,80.654,"Medusa Bay, Taimyr",Rusisa,2002,2002,1,NO,0.01527,0.32,Schekkerman et al. 2004,,,,,
Calidris_bairdii,Scolopacidae,25,10,0,2,27,37,24.3,0.6,342.63,72.883,-78.917,"Qarlikturvik Valley, Sirmilik National Park",Canada,2006-2007,2006,2,YES,0.07297,0.84,McKinnon & Bêty 2009,,,,,
Calidris_bairdii,Scolopacidae,5,20,0,0,5,25,24.3,0.9,492.075,68.550,-83.317,"Sarcpa Lake, Melville Peninsula",Canada,1981-1984,1982,4,YES,0.01016,0.22,Reid & Montgomerie 1985,,,,,
Calidris_bairdii,Scolopacidae,80,79,0,1,81,160,24.3,0.6,1657.5,73.200,-80,Bylot Island,Canada,2005-2014,2009,10,NO,0.04827,0.70,Arctic Shorebird Demographics Network 2016,,,,,
Calidris_canutus,Scolopacidae,6,11,0,1,7,18,26,0.5,184,76.083,98.533,"Knipovich Bay, Taimyr",Russia,1990-1992,1991,3,NO,0.03261,0.58,Tomkovich in litt.,,,,,
Calidris_ferruginea,Scolopacidae,0,25,0,0,0,25,24.7,NA,235,75.267,112.467,"Pronchishchev Lake, Taimyr",Russia,1991,1991,1,YES,0.00000,0.00,Schekkerman et al. 1998,,,,,
Calidris_ferruginea,Scolopacidae,3,9,0,0,3,12,24.7,0.6,154,73.079,80.654,"Medusa Bay, Taimyr",Rusisa,2002,2002,1,NO,0.01948,0.38,Schekkerman et al. 2004,,,,,
Calidris_fuscicollis,Scolopacidae,14,4,0,2,16,20,26,0.6,187.2,72.883,-78.917,"Qarlikturvik Valley, Sirmilik National Park",Canada,2006-2008,2007,2,YES,0.07479,0.87,McKinnon & Bêty 2009,,,,,
Calidris_fuscicollis,Scolopacidae,13,10,0,0,13,23,26,0.6,239,69.400,-81.600,Igloolik,Canada,2013-2014,2013,2,NO,0.05439,0.77,Arctic Shorebird Demographics Network 2016,,,,,
Calidris_himantopus,Scolopacidae,5,38,0,0,5,43,24,0.6,583.2,58.701,-93.802,"Churchill, Manitoba",Canada,1964-1967,1965,4,YES,0.00857,0.19,Jehl 1971,,,,,
Calidris_himantopus,Scolopacidae,5,24,0,0,5,29,24,0.6,381.6,70.380,-149.534,"Kuparuk Oilfield, North Slope, Alaska",USA,1989-1992,1990,4,YES,0.01310,0.27,Moitoret et al. 1996,,,,,
Calidris_himantopus,Scolopacidae,6,11,0,0,6,17,24,0.6,174,70.100,-145.8,"Canning River Delta, Alaska",USA,2010-2014,2012,5,NO,0.03448,0.57,Arctic Shorebird Demographics Network 2016,,,,,
Calidris_maritima,Scolopacidae,11,23,0,0,11,34,25.75,0.6,440.325,78.217,15.583,"Longyearbyen, Svalbard",Norway,1993-1995,1994,3,YES,0.02498,0.48,Pierce et al. 2010,,,,,
Calidris_mauri,Scolopacidae,NA,NA,NA,NA,NA,322,25,NA,3351,64.449,-164.977,"21 km east of Nome, Alaska",USA,"1993-1995, 2012-2014 ",2004,6,NO,0.040894,0.65,"Sandercock 1997, Arctic Shorebird Demographics Network 2016",,,,,
Calidris_mauri,Scolopacidae,21,31,0,0,21,52,25,0.6,622.5,66.099,-169.846,"Uelen, Chukotka",Russia,1978-1980,1979,3,YES,0.03373,0.58,Morozov & Tomkovich 1988,,,,,
Calidris_mauri,Scolopacidae,8,12,0,0,8,20,25,0.6,240,68.61,171.241,Bay of Chaun and Koljuchinskaja,Rusisa,1972-1980,1976,9,YES,0.03333,0.57,Kondrjatev 1982,,,,,
Calidris_mauri,Scolopacidae,35,180,0,0,35,215,25,0.6,2962.5,61.725,-165.523,"Kolomak river, Alaska",USA,1996-1968,1997,3,YES,0.01181,0.26,Holmes 1972,,,,,
Calidris_mauri,Scolopacidae,79,47,0,11,90,157,25,0.6,1732,67.1,-163.5,"Cape Krusenstern, Alaska",USA,2010-2014,2012,5,NO,0.04561,0.69,Arctic Shorebird Demographics Network 2016,,,,,
Calidris_melanotos,Scolopacidae,30,110,0,1,31,141,26,0.6,1957.8,70.380,-149.534,"Kuparuk Oilfield, North Slope, Alaska",USA,"1989-1992, 2010, 2013",1998,6,YES,0.01532,0.33,"Moitoret et al. 1996, Arctic Shorebird Demographics Network 2016",,,,,
Calidris_melanotos,Scolopacidae,8,15,0,0,8,23,26,0.6,296.4,68.61,171.241,Bay of Chaun and Koljuchinskaja,Rusisa,1972-1980,1976,9,YES,0.02699,0.51,Kondrjatev 1982,,,,,
Calidris_melanotos,Scolopacidae,5,7,0,1,6,13,26,0.6,110,73.200,-80,Bylot Island,Canada,"2006,2010-2014",2011,6,NO,0.04545,0.70,Arctic Shorebird Demographics Network 2016,,,,,
Calidris_melanotos,Scolopacidae,80,7,0,0,80,88,26,0.5,383.5,72.906,106.104,Lower Khatanga River,Rusisa,"2012,2014",2013,2,NO,0.20860,1.00,Arctic Shorebird Demographics Network 2016,,,,,
Calidris_minuta,Scolopacidae,28,91,0,7,35,126,24.5,0.6,1434,73.079,80.654,"Medusa Bay, Taimyr",Rusisa,2002,2002,1,NO,0.01953,0.38,Schekkerman et al. 2004,,,,,
Calidris_minuta,Scolopacidae,10,7,0,0,10,17,24.5,0.5,87,72.906,106.104,Lower Khatanga River,Rusisa,"2012,2014",2013,2,NO,0.11494,0.95,Arctic Shorebird Demographics Network 2016,,,,,
Calidris_minutilla,Scolopacidae,6,47,0,2,8,56,24,0.6,734.4,58.701,-93.802,"Churchill, Manitoba",Canada,1964-1967,1965,4,YES,0.00817,0.18,Jehl 1971,,,,,
Calidris_minutilla,Scolopacidae,93,201,0,50,143,344,24,0.6,3924,54.017,-132.133,"Graham Island, British Columbia",Canada,1984-1988,1986,5,YES,0.02370,0.44,Cooper & Miller 1997,,,,,
Calidris_ptilocnemis,Scolopacidae,8,19,1,5,13,35,24,0.6,501.5,66.066,-170.7,"Uelen, Chukotka",Russia,1978-1980,1979,3,NO,0.01595,0.32,Tomkovich in litt.,,,,,
Calidris_pusilla,Scolopacidae,26,170,0,0,26,196,23.5,0.6,2580.7,70.380,-149.534,"Kuparuk Oilfield, North Slope, Alaska",USA,"1989-1992, 2013",1995,5,YES,0.01007,0.21,"Moitoret et al. 1996, Arctic Shorebird Demographics Network 2016",,,,,
Calidris_pusilla,Scolopacidae,NA,NA,NA,NA,NA,134,23.5,NA,938,64.449,-164.977,"21 km east of Nome, Alaska",USA,1993-1995,1994,3,NO,0.03943284,0.61,Sandercock 1997,,,,,
Calidris_pusilla,Scolopacidae,105,102,0,6,111,213,23.5,0.6,2220.75,58.701,-93.802,"Churchill, Manitoba",Canada,1980-1982,1981,3,YES,0.04728,0.68,Gratto et al. 1983,,,,,
Calidris_pusilla,Scolopacidae,9,6,0,0,9,15,23.5,0.6,107,69.400,-81.600,Igloolik,Canada,2013-2014,2013,2,NO,0.08411,0.87,Arctic Shorebird Demographics Network 2016,,,,,
Calidris_pusilla,Scolopacidae,91,232,0,3,94,327,23.5,0.9,4277.5,70.400,-150.7,"Colville River Delta, Alaska",USA,2011-2014,2012,4,NO,0.02127,0.40,Arctic Shorebird Demographics Network 2016,,,,,
Calidris_pusilla,Scolopacidae,92,107,1,2,94,203,23.5,0.6,2216,70.600,-154.7,"Ikpikpuk, Alaska",USA,2011-2014,2012,4,NO,0.04152,0.63,Arctic Shorebird Demographics Network 2016,,,,,
Calidris_ruficollis,Scolopacidae,23,28,0,0,23,51,25.5,0.6,604.35,66.134,-169.759,"Uelen, Chukotka",Russia,1978-1980,1979,3,YES,0.03806,0.63,Morozov & Tomkovich 1988,,,,,
Calidris_temminckii,Scolopacidae,213,242,0,45,258,500,24.8,0.6,5520.48,65.021,24.720,Botnic Bay around Oulu,Finland,1983-2006,1994,23,YES,0.027698379,0.50,"Rönkä et al. 2003, Thompson et al. 2014",,,,,
Calidris_temminckii,Scolopacidae,5,11,0,0,5,16,24.8,0.6,200.88,68.61,171.241,Bay of Chaun and Koljuchinskaja,Rusisa,1972-1980,1976,9,YES,0.02489,0.46,Kondrjatev 1982,,,,,
Calidris_temminckii,Scolopacidae,11,6,0,2,13,19,24.8,0.5,147.5,67.025,-174.142,"Belyaka Spit, Chukotka",Rusisa,1986-1988,1987,3,NO,0.07458,0.85,Tomkovich in litt.,,,,,
Calidris_tenuirostris,Scolopacidae,4,8,0,1,5,13,25.95,0.5,136.2375,64.844,178.314,Anadyr surrounding,Rusisa,1993-1995,1994,3,YES,0.02936,0.54,"Tomkovich 2001, Tomkovich in litt.",,,,,
Catoptrophorus_semipalmatus / Tringa semipalmata,Scolopacidae,27,42,0,8,35,77,27.5,0.6,981.75,47.551,-101.002,"North Dacota + some data also from South Dacota, Manitoba and Montana",USA,1963-1991,1977,28,YES,0.02750,0.54,Kantrud & Higgins 1992,,,,,
Coenocorypha_aucklandica,Scolopacidae,0,32,0,8,8,40,26,0.9,842.4,-48.03333,166.6,Snares Islands Nature reserve,New Zealand,1982-1987,1984,6,YES,0.00000,0.00,Miskelly 1990,,,,,
Cursorius_cursor,Glareolidae,10,11,0,0,10,21,22.5,0.6,216,15.200,-23.168,Maio ,Cape Verde,"2013,2015",2014,2,YES,0.04630,0.66,"Gonçalves 2014, Seymour et al. 2015, + oba in litt.",,,,,
Eudromias_morinellus,Charadriidae,16,37,0,0,16,53,29,0.5,630.5,60.383,7.633,Hardangervidda ,Norway,"1977-1981, 1984-1985",1982,7,NO,0.025376685,0.53,Byrkjedal 1987,,,,,
Eurynorhynchus_pygmeus,Scolopacidae,7,9,0,0,7,16,23,0.6,172.5,68.61,171.241,Bay of Chaun and Koljuchinskaja,Rusisa,1972-1980,1976,9,YES,0.04058,0.61,Kondrjatev 1982,,,,,
Gallinago_delicata,Scolopacidae,7,17,0,0,7,24,23,0.6,282.9,47.551,-101.002,"North Dacota + some data also from South Dacota, Manitoba and Montana",USA,1963-1991,1977,28,YES,0.02474,0.44,Kantrud & Higgins 1992,,,,,
Gallinago_gallinago,Scolopacidae,NA,NA,NA,NA,NA,500,23,NA,6000,52.308,5.526,"The Netherlands, whole country",Netherlands,1974-1983,1979,10,NO,0.006,0.13,Beintema & Müskens 1987,,,,,
Gallinago_gallinago,Scolopacidae,2,23,0,7,9,32,23,0.5,316.25,54.719,20.738,Kaliningrad,Russia,1999-2003,2001,5,YES,0.00632,0.14,Yarovikova 2003,,,,,
Gallinago_gallinago,Scolopacidae,2,13,0,4,6,19,23,0.5,184,53.709,27.953,"whole country, centre",Belarus,2000-2001,2000,2,YES,0.01087,0.22,Mongin 2002,,,,,
Glareola_nuchalis,Glareolidae,17,12,0,7,24,36,21,0.6,302.4,0.499,12.812,"M'Passa, near Makokou",Gabon,1970-1978,1974,9,YES,0.05622,0.70,Brosset 1979,,,,,
Glareola_nuchalis,Glareolidae,4,0,0,0,4,12,21,NA,77,-17.836,25.709,Mpala Jena island,Zambia,1987,1987,1,NO,0.05195,0.67,Williams et al. 1989,,,,,
Glareola_pratincola,Glareolidae,15,86,0,114,129,215,21,0.6,1896.3,33.866,-7.063,Rabat-Bouznika,Morocco,2003-2004,2003,2,YES,0.00791,0.15,Hanane et al. 2010,,,,,
Haematopus_bachmani,Haematopodidae,18,29,3,36,54,86,28.5,0.6,1008.9,58.508,-135.930,"Beardslee Islands, Alaska",USA,2004-2005,2004,2,YES,0.01784,0.40,Tessler & Garding 2006,,,,,
Haematopus_finschi (H. ostralegus finchi),Haematopodidae,2,8,0,3,5,13,28.5,0.6,179.55,-43.545,172.186,Rakaia and Ashey river,New Zealand,1982-1983,1982,2,YES,0.01114,0.27,Hughey 1985,,,,,
Haematopus_fuliginosus,Haematopodidae,26,39,0,0,26,65,28,0.6,873.6,-40.094,148.088,"Furneaux Island Group, Tasmania",Australia,1988-1989,1988,2,YES,0.02976,0.57,Lauro & Nol 1995,,,,,
Haematopus_chathamensis,Haematopodidae,17,75,7,18,35,118,29,0.6,1731.3,-43.784,-176.562,Chatham Island,New Zealand,1999-2001,2000,3,YES,0.00982,0.25,Moore & Reid 2009,,,,,
Haematopus_longirostris,Haematopodidae,9,22,0,0,9,31,28,0.6,445.2,-40.094,148.088,"Furneaux Island Group, Tasmania",Australia,1988-1989,1988,2,YES,0.02022,0.44,Lauro & Nol 1995,,,,,
Haematopus_moquini,Haematopodidae,14,54,0,0,14,68,28,0.6,1024.8,-33.806,18.369,"Robben Island, 7 km from the coast",South Africa,2001,2001,1,YES,0.01366,0.32,Calf and Underhill  2002,,,,,
Haematopus_moquini,Haematopodidae,0,19,0,0,0,19,28,0.5,266,-34.46,20.552,De Hoop Nature Reserve,South Africa,1984-1989,1986,6,YES,0.00000,0.00,Scott et al. 2011,,,,,
Haematopus_ostralegus,Haematopodidae,NA,NA,NA,NA,NA,500,28.5,NA,6500,52.308,5.526,"The Netherlands, whole country",Netherlands,1974-1983,1979,10,NO,0.014,0.33,Beintema & Müskens 1987,,,,,
Haematopus_ostralegus,Haematopodidae,16,NA,NA,3,19,86,28.5,0.6,1422,57.338,-7.385,"South Uist, Hebrides",UK,1996-1997,1996,2,NO,0.01125,0.28,Jackson & Green 2000,,,,,
Haematopus_ostralegus,Haematopodidae,22,1,0,0,22,25,28.5,0.6,182,56.264,16.445,south part of Oländ,Sweden,2004,2004,1,NO,0.12088,0.97,Otwall 2005,,,,,
Haematopus_ostralegus,Haematopodidae,26,64,0,0,26,90,28.5,0.6,1316.7,46.391,32.033,"Konskyi islansd, Black Sea reserve",Ukraine,1984-1991,1987,7,YES,0.01975,0.43,Rudenko 1998,,,,,
Haematopus_palliatus,Haematopodidae,13,12,0,5,18,30,28.75,NA,417,30.865,-81.450,"Cumberland Island, Georgia",USA,2003-2004,2003,2,NO,0.03118,0.60,Sabine at al. 2005,,,,,
Haematopus_palliatus,Haematopodidae,9,13,0,0,9,22,28.75,0.6,301.875,-24.859,-47.726,São Paulo coast,Brazil,2005-2008,2006,4,YES,0.02981,0.58,Barbieri & Delchiaro 2009,,,,,
Haematopus_unicolor,Haematopodidae,2,14,0,0,2,16,28,0.6,252,-36.676,174.746,"Long Bay Regional Park, Auckland",New Zealand,2006-2011,2008,4,YES,0.00794,0.20,Michaux 2013,,,,,
Himantopus_himantopus,Recurvirostridae,62,132,0,29,91,233,27.75,0.6,3049,36.950,-6.233,"Doñana + Odiel, Southern Spain",Spain,1990-1991,1990,2,NO,0.020334536,0.43,Cuervo 2005,,,,,
Himantopus_himantopus,Recurvirostridae,1,4,0,8,9,13,27.75,0.6,141.525,-43.545,172.186,Rakaia and Ashey river,New Zealand,1982-1983,1982,2,YES,0.00707,0.18,Hughey 1985,,,,,
Himantopus_novaezelandiae,Recurvirostridae,11,8,0,8,19,27,27.5,0.6,288.75,-43.862,170.450,Cass river Valley + surrounding,New Zealand,1977-1979,1978,3,YES,0.03810,0.66,Pierce 1986,,,,,
Charadrius_alexandrinus,Charadriidae,34,13,0,11,45,58,29,0.9,926.55,46.667,19.167,Miklapuzsta,Hungary,1991-1992,1991,2,YES,0.03670,0.66,Székely et al. 1994,,,,,
Charadrius_alexandrinus,Charadriidae,28,16,0,1,29,45,29,0.6,530.7,41.687,12.375,"Castel Porziano, near Rome",Italy,1991-1994,1992,4,YES,0.05276,0.79,Pietrelli et al. 2001,,,,,
Charadrius_alexandrinus,Charadriidae,9,2,0,1,10,12,29,0.6,121.8,27.065,49.484,Jabal lagoons,Saudi Arabia,2015,2015,1,YES,0.07389,0.89,Al Rashidi 2016,,,,,
Charadrius_alexandrinus,Charadriidae,128,69,0,42,170,239,29,0.6,2679.6,24.258,54.604,Al Wathba Wetland Reserve,United Arab Emirates,2005-2006,2005,2,YES,0.04777,0.76,Kozstolány et al. 2009,,,,,
Charadrius_alexandrinus,Charadriidae,158,32,0,6,164,196,29,0.6,1983.6,16.681,42.114,Farasan Islands,Saudi Arabia,2007-2009,2008,3,YES,0.07965,0.91,Al Rashidi et al. 2011,,,,,
Charadrius_alexandrinus,Charadriidae,232,254,4,52,284,542,29,0.6,6960,15.200,-23.168,Maio ,Cape Verde,2007-2015,2011,9,YES,0.03333,0.63,"Carmona-Isunza et al.2015, María Cristina Carmona-Isunza et al. In litt.",,,,,
Charadrius_aquilonius,Charadriidae,99,97,0,65,164,261,33,0.9,5316.3,-37.557,176.058,Matakana Island,New Zealand,1992-1999,1995,8,YES,0.01862,0.46,Wills et al. 2003,,,,,
Charadrius_bicinctus,Charadriidae,8,31,0,0,8,39,31,0.6,651,-44.333,170.194,"Ohau River, South Island",New Zealand,1998-2000,1999,3,YES,0.01229,0.32,Keedwell & Sanders 2002,,,,,
Charadrius_bicinctus,Charadriidae,21,68,0,38,59,127,31,0.6,1813.5,-43.545,172.186,Rakaia and Ashey river,New Zealand,1982-1983,1982,2,YES,0.01158,0.30,Hughey 1985,,,,,
Charadrius_dubius,Charadriidae,20,28,0,25,45,73,28.5,0.6,740,49.0343,14.799,Třeboňsko,Czech Rep.,1999-2004,2001,5,NO,0.02703,0.54,"Cepáková et al. 2007, Cepáková et al. In litt.",,,,,
Charadrius_dubius,Charadriidae,0,17,0,23,23,40,28.5,0.6,487.35,50.195,15.977,Orlice,Czech Rep.,1976-1989,1982,10,YES,0.00000,0.00,Dolanský & Žďárek 2001,,,,,
Charadrius_falklandicus,Charadriidae,7,29,0,25,32,75,28.5,0.6,928.5,-42.729,-65.036,"Puerto Madryn, Patagonia",Argentina,"2012,2015",2014,2,NO,0.00754,0.19,Glenda D. Hevia and Verónica L. D’Amico in litt.,,,,,
Charadrius_hiaticula,Charadriidae,113,61,0,9,122,183,28,0.6,2209,57.338,-7.385,"South Uist, Hebrides",UK,1985-1997,1991,5,NO,0.05115,0.77,Jackson & Green 2000,,,,,
Charadrius_hiaticula,Charadriidae,6,NA,NA,NA,6,13,28,NA,182,72.233,-23.917,"Mestersvig, Scoresby Land,",Greenland,1974,1974,1,NO,0.032967033,0.61,Pienkowski 1984,,,,,
Charadrius_hiaticula,Charadriidae,36,NA,NA,46,82,111,28,NA,1181,55.667,-1.833,"Lindisfarne NNR, North Englang",UK,1975-1976,1975,2,NO,0.03048,0.58,Pienkowski 1984,,,,,
Charadrius_hiaticula,Charadriidae,76,NA,NA,6,82,82,28,NA,464.5,56.760,-2.418,"Cyrus NNR, Scotland",UK,1974-1975,1975,2,NO,0.16362,0.99,N. K. Atkinson (pers. comm.) in Pienkowski 1984,,,,,
Charadrius_hiaticula,Charadriidae,6,13,0,0,6,19,28,0.6,268.8,68.61,171.241,Bay of Chaun and Koljuchinskaja,Rusisa,1972-1980,1976,9,YES,0.02232,0.47,Kondrjatev 1982,,,,,
Charadrius_marginatus,Charadriidae,216,89,2,34,250,341,28,0.9,5443.2,-22.095,43.269,Andavadoaka,Madagascar,2007-2015,2011,8,YES,0.03968,0.68,"Luke Eberhart-Phillips et al. In litt., Cristina Carmona et al. In litt.",,,,,
Charadrius_melodus,Charadriidae,167,309,0,74,241,550,31,0.6,7988.7,42.765,-97.062,"Missouri 95 km, South Dakota/Nebraska",USA,2005-2007,2006,3,YES,0.02090,0.48,Catlin et al. 2011,,,,,
Charadrius_melodus,Charadriidae,23,12,0,1,24,36,31,0.6,446.4,52.617,-109.983,"Freshwarter lake and surrounding, Alberta",Canada,1996-1997,1996,2,YES,0.05152,0.81,Richardson 1999,,,,,
Charadrius_melodus,Charadriidae,39,99,1,10,49,149,31,0.6,2315.7,50.433,-106.667,"Chaplin Lake, Saskatchewan",Canada,2002-2004,2003,3,YES,0.01684,0.41,White 2005,,,,,
Charadrius_mongolus,Charadriidae,20,39,1,2,22,67,26.5,0.5,918,62.543,177.076,"Meïnypilgyno, Chukotka",Russia,2009-2016,2012,8,NO,0.02179,0.44,Tomkovich in litt.,,,,,
Charadrius_montanus,Charadriidae,239,345,0,0,239,584,31.5,0.6,8779.05,47.800,-108.017,north-central Montana,USA,1995-2000,1998,6,YES,0.02722,0.58,Dinsmore et al. 2002,,,,,
Charadrius_nivosus,Charadriidae,123,101,0,13,136,247,29,0.6,2940.6,37.587,-122.118," California, Eden Landing Ecological Reserve",USA,2009-2010,2009,2,YES,0.04183,0.71,Demers & Robinson-Nilsen 2012,,,,,
Charadrius_nivosus,Charadriidae,45,16,0,6,51,67,29,0.6,722.1,26.267,-97.367,"Laguna Atascosa National Wildlife Refuge, Texas",USA,1995-1996,1995,2,YES,0.06232,0.85,Rupert 1997,,,,,
Charadrius_nivosus,Charadriidae,188,145,0,26,214,359,29,0.6,4384.8,41.083,-112.117,"Great Salt Lake, Utah",USA,1990-1993,1991,4,YES,0.04288,0.72,Paton 1994,,,,,
Charadrius_nivosus,Charadriidae,288,313,1,88,376,690,29,0.6,8734.8,36.727,-121.796,"Monterey Bay, California",USA,1984-1990,1987,7,YES,0.03297,0.62,Neuman 2003,,,,,
Charadrius_nivosus,Charadriidae,141,429,24,137,278,731,29,0.6,10300.8,23.900,-106.95,Ceuta,Mexico,2006-2016,2011,10,YES,0.01369,0.33,Medardo Cruz López et al. In litt.,,,,,
Charadrius_pecuarius,Charadriidae,453,240,9,127,580,829,26.5,0.9,12855.15,-22.095,43.269,Andavadoaka,Madagascar,2007-2015,2011,8,YES,0.03524,0.61,"Luke Eberhart-Phillips et al. In litt., Cristina Carmona et al. In litt.",,,,,
Charadrius_peronii,Charadriidae,26,49,0,24,50,99,28,0.6,1243.2,12.197,99.993,Khao Sam Roi Yod National Park,Thailand,2004-2005,2004,2,YES,0.02091,0.45,Yasué et al. 2007,,,,,
Charadrius_placidus,Charadriidae,15,15,0,1,16,31,29,0.6,400.2,35.741,139.317,"Tama River, Nagata district",Japan,2002-2006,2004,4,YES,0.03748,0.67,Katayama et al. 2010,,,,,
Charadrius_ruficapillus,Charadriidae,41,3,0,18,59,62,28,0.6,546,-37.885,144.799,"Cheetham Wetlands, Victoria",Australia,2012,2012,1,YES,0.07509,0.89,Tan et al. 2015,,,,,
Charadrius_sanctaehelenae,Charadriidae,103,65,0,5,108,173,28,0.6,1999.2,-15.967,-5.717,St. Helena Island,UK territory,2007-2008,2007,2,YES,0.05152,0.77,Burns et al. 2013,,,,,
Charadrius_semipalmatus,Charadriidae,0,14,0,1,1,15,28,0.6,243.6,58.695,-94.082,"Churchill, Manitoba",Canada,1964-1967,1965,4,YES,0.00000,0.00,Jehl 1971,,,,,
Charadrius_semipalmatus,Charadriidae,12,26,0,9,21,47,28,0.6,613.2,54.017,-132.133,"Graham Island, British Columbia",Canada,1984-1988,1986,5,YES,0.01957,0.42,Cooper & Miller 1997,,,,,
Charadrius_thoracicus,Charadriidae,258,182,11,71,329,522,29,0.9,9330.75,-22.095,43.269,Andavadoaka,Madagascar,2004-2015,2009,11,YES,0.02765,0.56,"Luke Eberhart-Phillips et al. In litt., Cristina Carmona et al. In litt.",,,,,
Charadrius_thoracicus,Charadriidae,22,20,2,30,52,74,29,0.6,835.2,-24.145,43.829,Tsimanampetsotsa ,Madagascar,2004,2004,1,YES,0.02634,0.54,Zefania et al. 2008,,,,,
Charadrius_vociferus,Charadriidae,30,85,0,13,43,128,28.55,0.6,1824.345,47.551,-101.002,"North Dacota + some data also from South Dacota, Manitoba and Montana",USA,1963-1991,1977,28,YES,0.01644,0.38,Kantrud & Higgins 1992,,,,,
Charadrius_wilsonia,Charadriidae,19,13,0,3,22,35,27.5,0.6,396,18.062,-63.046,"St. Martin, Lesser Antilles",France(Dutch),2004,2004,1,YES,0.04798,0.74,Brown & Brindock 2011,,,,,
Charadrius_wilsonia,Charadriidae,9,6,0,5,14,20,27.5,0.6,230,26.267,-97.367,"Laguna Atascosa National Wildlife Refuge, Texas",USA,1979,1979,1,NO,0.03913,0.67,Bergstrom 1982,,,,,
Charadrius_wilsonia,Charadriidae,6,14,0,6,12,26,27.5,0.6,385,28.164,-96.741,"Matagorda Island, Texas",USA,1980,1980,1,NO,0.01558,0.35,Bergstrom 1982,,,,,
Chionis_albus,Chionidae,5,24,0,0,5,29,32,0.6,508.8,-62.168,-58.693,"King George Island, Nelson Island",Antarctica,1987-1989,1988,3,YES,0.00983,0.27,Favero 1993,,,,,
Jacana_jacana,Jacanidae,4,8,0,22,26,34,32,0.9,604.8,6.464,-57.76,Burma willage 65 km from Georgetown,Guyana,1977,1977,1,YES,0.00661,0.19,Osborne 1982,,,,,
Jacana_spinosa,Jacanidae,88,55,0,5,93,148,32,0.6,1948.8,10.270,-85.225,Dr. Rafael Rodriguez National Wildlife Refuge,Costa Rica,1980-1981,1980,2,YES,0.04516,0.77,"Stephens 1984, Stephens in litt.",,,,,
Limicola_falcinellus,Scolopacidae,10,10,0,2,12,16,25.3,0.6,242.88,72.906,106.104,Lower Khatanga River,Rusisa,1999-2014,2006,12,YES,0.04117,0.65,"Arctic Shorebird Demographics Network 2016, Soloviev et al. 2010, M. Soloviev in litt.,  V.V. Golovnyuk in litt.",,,,,
Limnodromus_griseus,Scolopacidae,5,16,0,1,6,22,25,0.6,240,58.701,-93.802,"Churchill, Manitoba",Canada,2012-2014,2013,3,NO,0.02083,0.41,Arctic Shorebird Demographics Network 2016,,,,,
Limnodromus_scolopaceus,Scolopacidae,3,14,0,0,3,17,24.25,0.6,225.525,70.380,-149.534,"Kuparuk Oilfield, North Slope, Alaska",USA,1989-1992,1990,4,YES,0.01330,0.28,Moitoret et al. 1996,,,,,
Limnodromus_scolopaceus,Scolopacidae,10,11,0,0,10,21,24.25,0.6,232.8,68.61,171.241,Bay of Chaun and Koljuchinskaja,Rusisa,1972-1980,1976,9,YES,0.04296,0.66,Kondrjatev 1982,,,,,
Limnodromus_scolopaceus,Scolopacidae,69,73,1,22,91,171,24.25,0.6,2077.5,71.300,-156.6,"Barrow, Alaska",USA,2007-2014,2011,8,NO,0.03321,0.56,Arctic Shorebird Demographics Network 2016,,,,,
Limnodromus_scolopaceus,Scolopacidae,16,4,0,0,16,22,24.25,0.5,196,70.600,-154.7,"Ikpikpuk, Alaska",USA,2011-2013,2012,3,NO,0.08163,0.87,Arctic Shorebird Demographics Network 2016,,,,,
Limosa_fedoa,Scolopacidae,13,26,0,4,17,43,28,0.6,579.6,47.551,-101.002,"North Dacota + some data also from South Dacota, Manitoba and Montana",USA,1963-1991,1977,28,YES,0.02243,0.47,Kantrud & Higgins 1992,,,,,
Limosa_haemastica,Scolopacidae,9,23,0,1,10,33,27,0.6,421.8,58.701,-93.802,"Churchill, Manitoba",Canada,1964-2014,1989,7,YES,0.02134,0.44,"Jehl 1971, Arctic Shorebird Demographics Network 2016",,,,,
Limosa_lapponica,Scolopacidae,3,11,0,1,4,15,24.75,0.6,193.05,69.000,24.000,Kautokeino,Norway,1987-1989,1988,3,YES,0.01554,0.32,Larsen & Moldsvor 1992,,,,,
Limosa_limosa,Scolopacidae,NA,NA,NA,NA,NA,5000,27,NA,70000,52.308,5.526,"The Netherlands, whole country",Netherlands,1974-1983,1979,10,NO,0.011,0.26,Beintema & Müskens 1987,,,,,
Limosa_limosa,Scolopacidae,136,236,0,48,184,420,27,0.6,5313.6,52.517,4.783,"Wormer & Jisperveld reserve, Noord-Holland",Netherlands,1984-1987,1985,4,YES,0.02559,0.50,Groen & Hemerik 2002,,,,,
Limosa_limosa,Scolopacidae,20,1,0,0,20,21,27,0.6,110,52.293,106.501,"Selenga delta, Bajkal",Russia,2002,2002,1,NO,0.12700,0.97,Groen et al. 2006,,,,,
Metopidius_indicus,Jacanidae,17,3,0,0,17,20,29,0.9,300.15,9.183,77.383,Vembanur,India,1995-1997,1996,3,YES,0.05664,0.82,Butchart 2000,,,,,
Numenius_americanus,Scolopacidae,42,70,0,7,49,119,33,0.6,1746,43.868,-116.733,"Middleton, Idaho",USA,1977-1979,1978,3,NO,0.02405,0.55,Redmond & Jenni 1986,,,,,
Numenius_arquata,Scolopacidae,24,10,0,1,25,35,33.8,0.6,456.3,53.053,-3.633,"Hiraethog,  North Wales",UK,1984-1985,1984,2,YES,0.05260,0.84,Bain 1987,,,,,
Numenius_arquata,Scolopacidae,114,NA,NA,10,124,191,33.8,NA,1628.5,54.821,-6.058,"Antrim, Northern Ireland",UK,1993-1995,1993,3,NO,0.07000,0.91,Grant et al. 1999,,,,,
Numenius_arquata,Scolopacidae,84,NA,NA,10,94,170,33.8,NA,1735.5,54.303,-7.616,"Lough Erne,  Northern Ireland",UK,1994-1995,1994,2,NO,0.04840,0.81,Grant et al. 1999,,,,,
Numenius_arquata,Scolopacidae,34,NA,NA,NA,34,53,33.8,NA,659,61.367,22.833,Vammala,Finland,1995-1997,1996,3,NO,0.051593323,0.83,Valkama et al. 1999,,,,,
Numenius_arquata,Scolopacidae,3,NA,NA,NA,3,66,33.8,NA,1232,63.083,22.933,Kauhava,Finland,1995-1997,1996,3,NO,0.00244,0.08,Valkama et al. 1999,,,,,
Numenius_arquata,Scolopacidae,42,40,0,31,73,113,33.8,0.6,1683,59.817,16.550,Västmanland (central Sweeden),Sweeden,1987-1989,1988,3,NO,0.024955437,0.57,Berg 1992,,,,,
Numenius_madagascariensis,Scolopacidae,5,16,0,1,6,22,33.8,0.5,321.1,49.397,129.908,"Bureya–Khingan lowland, Amur",Russia,1997-2007,2002,10,YES,0.01557,0.41,"Antonov 2010, A. I. Antonov in litt.",,,,,
Numenius_phaeopus,Scolopacidae,13,7,0,0,13,20,29,0.6,234.9,69.000,24.000,Kautokeino,Norway,1987-1989,1988,3,NO,0.08451,0.92,Larsen & Moldsvor 1992,,,,,
Numenius_phaeopus,Scolopacidae,95,117,0,6,101,218,29,0.6,2654.3,58.701,-93.802,"Churchill, Manitoba",Canada,"1964-1967, 1973-1974, 2011-2014  ",1990,10,YES,0.03579,0.65,"Jehl 1971 (Exposure=339.3 days), Skeel 1983 (Exposure=833.5 days), Arctic Shorebird Demographics Network 2016 (Exposure=1481.5 days)",,,,,
Numenius_phaeopus,Scolopacidae,4,24,0,1,5,29,29,0.5,341,67.733,29.617,Värriö Subarctic Research Station,Finland,1968-1974(1990),1974,8,NO,0.01173,0.29,Pulliainen & Saari 1993,,,,,
Numenius_phaeopus,Scolopacidae,35,22,0,2,37,59,29,0.6,704.7,63.764,-20.068,South-west Iceland,Iceland,2009-2010,2009,2,YES,0.04967,0.77,"Katrínardóttir et al. 2015, Borgný Katrínardóttir in litt.",,,,,
Numenius_phaeopus,Scolopacidae,10,7,0,1,11,30,29,0.5,287.5,55.200,-84.300,"Burntpoint Creek, Ontario",Canada,2012-2014,2013,3,NO,0.03478,0.64,Arctic Shorebird Demographics Network 2016,,,,,
Phalaropus_fulicarius,Scolopacidae,7,49,0,0,7,56,22.8,0.6,718.2,70.380,-149.534,"Kuparuk Oilfield, North Slope, Alaska",USA,1989-1993,1990,4,YES,0.00975,0.20,Moitoret et al. 1996,,,,,
Phalaropus_fulicarius,Scolopacidae,42,51,0,0,42,93,22.8,0.6,984.96,68.61,171.241,Bay of Chaun and Koljuchinskaja,Rusisa,1972-1980,1976,9,YES,0.04264,0.63,Kondrjatev 1982,,,,,
Phalaropus_fulicarius,Scolopacidae,67,60,0,7,74,139,22.8,0.6,1178,70.100,-145.8,"Canning River Delta, Alaska",USA,2010-2014,2012,5,NO,0.05688,0.74,Arctic Shorebird Demographics Network 2016,,,,,
Phalaropus_lobatus,Scolopacidae,61,41,0,3,64,122,22.5,0.6,1007.3,69.045,-135.048,"Mackenzie River Delta (Niglintgak, Island)",Canada,"2005, 2010-2014",2011,6,NO,0.06056,0.75,"Walpole et al. 2008 (Exposure=290.3 days), Arctic Shorebird Demographics Network 2016 (Exposure=717 days)",,,,,
Phalaropus_lobatus,Scolopacidae,6,12,0,0,6,27,22.5,0.6,272,64.79,177.637,"Ugolnie Kopi, Anadyr",Russia,2015,2015,1,NO,0.022059,0.39,M. Sládeček et al. In litt.,,,,,
Phalaropus_lobatus,Scolopacidae,18,29,0,0,18,47,22.5,0.6,513,68.61,171.241,Bay of Chaun and Koljuchinskaja,Rusisa,1972-1980,1976,9,YES,0.03509,0.55,Kondrjatev 1982,,,,,
Phalaropus_lobatus,Scolopacidae,14,15,0,0,14,35,22.5,0.6,444,67.1,-163.5,"Cape Krusenstern, Alaska",USA,2010-2012,2011,3,NO,0.03153,0.51,Arctic Shorebird Demographics Network 2016,,,,,
Phalaropus_lobatus,Scolopacidae,4,9,0,0,4,13,22.5,0.6,128.0,70.380,-149.534,"Kuparuk Oilfield, North Slope, Alaska",USA,"2010,2013",2011,2,NO,0.03125,0.51,Arctic Shorebird Demographics Network 2016,,,,,
Philomachus_pugnax,Scolopacidae,NA,NA,NA,NA,NA,50,25.5,NA,750,52.308,5.526,"The Netherlands, whole country",Netherlands,1974-1983,1979,10,NO,0.001,0.03,Beintema & Müskens 1987,,,,,
Philomachus_pugnax,Scolopacidae,14,26,0,0,14,40,25.5,0.6,504.9,68.61,171.241,Bay of Chaun and Koljuchinskaja,Rusisa,1972-1980,1976,9,YES,0.02773,0.51,Kondrjatev 1982,,,,,
Philomachus_pugnax,Scolopacidae,26,9,0,0,26,37,25.5,0.5,252,72.906,106.104,Lower Khatanga River,Rusisa,"2012,2014",2013,2,NO,0.10317,0.94,Arctic Shorebird Demographics Network 2016,,,,,
Pluvialis_apricaria,Charadriidae,27,24,0,0,27,51,34.5,0.5,492,60.383,7.633,Hardangervidda ,Norway,"1977-1981, 1984-1985",1982,7,NO,0.054878049,0.86,Byrkjedal 1987,,,,,
Pluvialis_dominica,Charadriidae,9,15,0,0,9,24,32.25,0.6,377.325,70.380,-149.534,"Kuparuk Oilfield, North Slope, Alaska",USA,1989-1992,1990,4,YES,0.02385,0.54,Moitoret et al. 1996,,,,,
Pluvialis_dominica,Charadriidae,16,25,0,10,26,53,32.25,0.6,900.0,71.300,-156.6,"Barrow, Alaska",USA,2003-2008,2005,6,NO,0.01778,0.44,Arctic Shorebird Demographics Network 2016,,,,,
Pluvialis_dominica,Charadriidae,4,24,0,0,4,29,32.25,0.6,378.5,58.701,-93.802,"Churchill, Manitoba",Canada,2012-2014,2013,3,NO,0.01057,0.29,Arctic Shorebird Demographics Network 2016,,,,,
Pluvialis_dominica,Charadriidae,106,62,0,2,108,176,32.25,0.6,1639.5,73.200,-80,Bylot Island,Canada,2005-2014,2009,9,NO,0.06465,0.88,Arctic Shorebird Demographics Network 2016,,,,,
Pluvialis_fulva,Charadriidae,19,35,0,1,20,57,33.25,0.5,652.5,62.543,177.076,"Meïnypilgyno, Chukotka",Russia,2009-2016,2012,8,NO,0.02912,0.63,Tomkovich in litt.,,,,,
Pluvialis_fulva,Charadriidae,9,14,0,0,9,23,33.25,0.6,377,73.079,80.654,"Medusa Bay, Taimyr",Rusisa,2002,2002,1,NO,0.02387,0.55,Schekkerman et al. 2004,,,,,
Pluvialis_fulva,Charadriidae,14,1,0,0,14,16,33.25,0.5,115.5,72.906,106.104,Lower Khatanga River,Rusisa,"2012,2014",2013,2,NO,0.12121,0.99,Arctic Shorebird Demographics Network 2016,,,,,
Pluvialis_squatarola,Charadriidae,6,19,0,0,6,25,31.75,0.6,419.1,70.380,-149.534,"Kuparuk Oilfield, North Slope, Alaska",USA,1989-1992,1990,4,YES,0.01432,0.37,Moitoret et al. 1996,,,,,
Pluvialis_squatarola,Charadriidae,4,12,0,0,4,16,31.75,0.6,266.7,71.333,-179.5,"Wrangel Island, Chukotka",Russia,2007,2007,1,YES,0.01500,0.38,Tomkovich & Dondua 2011,,,,,
Pluvialis_squatarola,Charadriidae,3,25,0,0,3,28,31.75,0.6,504.825,68.61,171.241,Bay of Chaun and Koljuchinskaja,Rusisa,1972-1980,1976,9,YES,0.00594,0.17,Kondrjatev 1982,,,,,
Pluvialis_squatarola,Charadriidae,4,16,0,1,5,21,31.75,0.9,433,70.400,-150.7,"Colville River Delta, Alaska",USA,2011-2014,2012,4,NO,0.00924,0.26,Arctic Shorebird Demographics Network 2016,,,,,
Pluvianellus_socialis,Chionidae,4,12,0,1,5,17,27,0.6,259.74,-51.23,-69.494,Santa Cruz Province, Argentina,2006,2006,1,NO,0.01540,0.34,"Lishman & Nol 2012, C. Lishman in litt.",,,,,
Recurvirostra_americana,Recurvirostridae,35,17,0,4,39,56,28.1,0.6,615.39,37.433,-121.967,"San Francisco Bay, California",USA,2006-2007,2006,2,YES,0.05687,0.81,Herring et al. 2011,,,,,
Recurvirostra_avosetta,Recurvirostridae,NA,NA,NA,NA,NA,500,27.7,NA,6500,52.308,5.526,"The Netherlands, whole country",Netherlands,1974-1983,1979,10,NO,0.005,0.13,Beintema & Müskens 1987,,,,,
Recurvirostra_avosetta,Recurvirostridae,33,102,0,16,49,163,27.7,0.6,2162.5,36.950,-6.233,"Doñana, Southern Spain",Spain,1990-1991,1990,2,NO,0.015260116,0.35,Cuervo 2005,,,,,
Rhinoptilus_africanus,Glareolidae,NA,NA,NA,NA,NA,12,26,0.5,199.5,-29.117,20.317,"Droëgrond, Northern Cape Province",South Africa,1993-1996,1994,4,NO,0.005,0.12,Lloyd 2004,,,,,
Rhinoptilus_africanus,Glareolidae,NA,NA,NA,NA,NA,45,26,0.5,475,-25.440,20.903,Kalahari Gemsbok National Park,Bostwana,1964-1965,1964,2,NO,0.0084,0.20,Lloyd 2004,,,,,
Rostratula_benghalensis,Rostratulidae,2,12,0,3,5,17,23,0.6,200.1,24.717,121.717,I-Lan (in the city!!!),Taiwan,2005,2005,1,YES,0.01000,0.21,Hsu & Severinghaus 2011,,,,,
Scolopax_minor,Scolopacidae,3,9,0,1,4,13,24.25,0.6,160.05,40.525,-76.464,"Swatara State Park, Pennsylvania",USA,2009-2010,2009,2,YES,0.01874,0.37,Miller & Jordan 2011,,,,,
Scolopax_rusticola,Scolopacidae,56,NA,NA,NA,NA,277,26.3,0.5,1370,54.285,-2.691,"England, Scotland, Wales",UK,1945-1989,1967,44,NO,0.02000,0.41,Hoodles & Coulson 1998,,,,,
Steganopus_tricolor (Phalaropus tricolor),Scolopacidae,44,80,0,5,49,129,27,0.6,1692.9,47.551,-101.002,"North Dacota + some data also from South Dacota, Manitoba and Montana",USA,1963-1996,1977,28,YES,0.02599,0.51,Kantrud & Higgins 1992,,,,,
Steganopus_tricolor (Phalaropus tricolor),Scolopacidae,18,1,0,4,22,23,27,0.6,194.4,47.606,-101.185,"Audubon National Wildlife Refuge, North Dacota ",USA,1975,1975,1,YES,0.09259,0.93,Kagarise 1979,,,,,
Thinornis_novaeseelandiae,Charadriidae,0,44,0,9,9,53,31.9,0.6,928.29,-44.347,-176.175,Rangatira (South East) island,New Zealand,1984-1985,1984,2,YES,0.00000,0.00,Davis 1994,,,,,
Thinornis_rubricollis,Charadriidae,35,22,0,13,48,70,30,0.6,828,-38.48,145.224,"Phillip Island, southern Victoria",Australia,1992-1996,1994,5,YES,0.04227,0.73,Baird & Daan 2003,,,,,
Thinornis_rubricollis,Charadriidae,22,68,0,59,81,149,30,0.6,1953,-38.388,144.786,"Mornington Peninsula NP, Victoria",Australia,1991-1997,1994,7,YES,0.01126,0.29,Dowling & Weston 1999,,,,,
Tringa_erythropus,Scolopacidae,2,13,0,0,2,15,27.75,0.6,233.1,68.61,171.241,Bay of Chaun and Koljuchinskaja,Rusisa,1972-1980,1976,9,YES,0.00858,0.21,Kondrjatev 1982,,,,,
Tringa_glareola,Scolopacidae,3,15,0,0,3,18,26.5,NA,151,67.733,29.617,Värriö Subarctic Research Station,Finland,1970-1987,1979,18,NO,0.01986755,0.41,Pulliainen & Saari 1991,,,,,
Tringa_glareola,Scolopacidae,1,13,0,2,3,17,26.5,0.5,192.125,61.713,132.077,"Yakutia, Lena River",Russia,1978-1982,1980,5,YES,0.00520,0.13,Larionov 2015,,,,,
Tringa_nebularia,Scolopacidae,13,30,0,8,21,51,28.3,0.5,573.075,58.533,-4.232,"north Sutherland, Scotland",UK,1983-2007,1995,25,YES,0.02268,0.48,"Christian & Hancock 2009, M. Hancock in litt.",,,,,
Tringa_stagnatilis,Scolopacidae,2,27,0,4,6,33,26,0.5,390,61.713,132.077,"Yakutia, Lena River",Russia,1982,1982,1,YES,0.00513,0.13,Larionov 2015,,,,,
Tringa_totanus,Scolopacidae,NA,NA,NA,NA,NA,500,27.75,NA,7000,52.308,5.526,"The Netherlands, whole country",Netherlands,1974-1983,1979,10,NO,0.007,0.18,Beintema & Müskens 1987,,,,,
Tringa_totanus,Scolopacidae,19,38,0,0,19,57,27.75,0.6,810,57.338,-7.385,"South Uist, Hebrides",UK,1985-1987,1986,3,NO,0.02346,0.48,Jackson & Green 2000,,,,,
Tringa_totanus,Scolopacidae,27,7,0,4,31,40,27.75,0.6,366.5,56.264,16.445,south part of Oländ,Sweden,2004,2004,1,NO,0.07367,0.88,Otwall 2005,,,,,
Tringa_totanus,Scolopacidae,NA,NA,NA,NA,NA,35,27.75,0.9,700,57.126,12.237,"Varberg, South-West Sweeden",Sweeden,1986-1987,1986,2,NO,0.00810,0.20,Flodin et al. 1995,,,,,
Tryngites_subruficollis,Scolopacidae,6,20,0,0,6,26,27,0.6,372.6,70.380,-149.534,"Kuparuk Oilfield, North Slope, Alaska",USA,1989-1992,1990,4,YES,0.01610,0.35,Moitoret et al. 1996,,,,,
Tryngites_subruficollis,Scolopacidae,4,14,0,0,4,19,27,0.6,266,71.300,-156.6,"Barrow, Alaska",USA,2006,2006,1,NO,0.01504,0.34,Arctic Shorebird Demographics Network 2016,,,,,
Tryngites_subruficollis,Scolopacidae,9,5,0,0,9,15,27,0.6,183,70.100,-145.8,"Canning River Delta, Alaska",USA,"2011, 2013-2014",2012,3,NO,0.04918,0.74,Arctic Shorebird Demographics Network 2016,,,,,
Vanellus_cinereus,Charadriidae,13,24,0,33,46,70,30.5,0.6,860.1,36.293,136.311,"Kaga city, Ishikawa prefecture",Japan,2004-2005,2004,2,YES,0.01511,0.37,Takahashi & Ohkawara 2007,,,,,
Vanellus_coronatus,Charadriidae,0,24,0,1,1,25,32,0.6,470.4,-17.799,31.021,Harare(Salisbury),Zimbabwe,1977,1977,1,YES,0.00000,0.00,Ade 1979,,,,,
Vanellus_gregarius,Charadriidae,316,493,0,135,451,971,28,0.6,12427.6,50.583,70.017,Korgalzhyn,Kazachstan,2004-2014,2009,10,NO,0.02543,0.51,"Shedon et al. 2013, P. Donald, R. Sheldon in litt.",,,,,
Vanellus_gregarius,Charadriidae,66,43,0,21,87,130,28,0.6,1516,53.173,76.047,Pavlodar,Kazachstan,2007,2007,1,YES,0.04354,0.71,"Shedon et al. 2013, P. Donald, R. Sheldon in litt.",,,,,
Vanellus_chilensis,Charadriidae,15,NA,NA,NA,15,36,32,NA,639,-15.815,-47.879,Brasília,Brasil,2007,2007,1,NO,0.0234,0.53,"Santos & Macedo 2017, E. S. A. Santos in litt., R.H. Macedo in litt.",,,,,
Vanellus_chilensis,Charadriidae,0,50,0,0,0,50,32,0.9,1399,-25.45,-49.217,"Curitiba, Paraná (CITY!)",Brasil,2012-2014,2013,3,NO,0.00000,0.00,"Cerboncini et al. 2015, Ricardo Augusto Cerboncini in litt.",,,,,
Vanellus_novaehollandie,Charadriidae,3,29,0,24,27,32,35,0.9,1338.75,-38.48,145.224,"Phillip Island, southern Victoria",Australia,2010,2010,1,YES,0.00224,0.08,Cardilini et al. 2013,,,,,
Vanellus_novaehollandie,Charadriidae,32,146,12,73,105,263,35,0.6,4420.5,-46.419,168.288,"Invercargill, Southland",New Zealand,1965-1969,1967,5,YES,0.00724,0.22,Barlow et al. 1972,,,,,
Vanellus_novaehollandie,Charadriidae,15,8,0,3,18,26,35,0.6,357,-27.536,152.920,"Pinjara Hills, Brisbane",Australia,1989-1990,1989,2,YES,0.04202,0.78,Giese & Jones 1996,,,,,
Vanellus_spinosus,Charadriidae,2,19,0,18,20,39,28,0.6,487.2,40.794,26.072,Evros Delta,Greece,2003,2003,1,YES,0.00411,0.11,"Makrigianni et al. 2008, Eleni Makrigianni in litt.",,,,,
Vanellus_vanellus,Charadriidae,343,319,0,56,399,718,31,0.6,9644.1,54.575,-2.411,Eden Valley and Upper Teesdale,UK,1985-1987,1986,3,NO,0.02244,0.51,Baines 1990,,,,,
Vanellus_vanellus,Charadriidae,383,404,0,89,472,880,31,0.6,13577.8,49.115,14.268,"Ceskobudejovicko, South Bohemia",Czech Rep.,"1988-1989, 1991, 1993-1994, 1996-2002, 2010-2013, 2015",1997,18,NO,0.02821,0.59,"Šálek & Šmilauer 2002, Šálek in litt., Štorek in litt, Kubelka et al. unpublished data",,,,,
Vanellus_vanellus,Charadriidae,NA,NA,NA,NA,NA,5000,31,NA,65000,52.308,5.526,"The Netherlands, whole country",Netherlands,1974-1983,1979,10,NO,0.01300,0.33,Beintema & Müskens 1987,,,,,
Vanellus_vanellus,Charadriidae,21,111,0,0,21,132,31,0.6,2259.9,57.592,11.976,near Gothenburg,Sweden,1987-1990,1988,4,NO,0.00543,0.16,Blomqvist & Johansson 1995,,,,,
Vanellus_vanellus,Charadriidae,NA,NA,NA,NA,446,852,31,NA,12746,59.950,16.283,"Västerfärnebo (""near"" Stockholm)",Sweden,1988-1990,1989,3,NO,0.00488,0.14,Berg et al. 1992,,,,,
Vanellus_vanellus,Charadriidae,NA,NA,NA,NA,154,247,31,NA,4324,57.009,-4.164,"Dalwhinnie and Kingussie, Scotland",UK,1984-1986,1985,3,NO,0.03437,0.66,Galbraith 1988,,,,,
Vanellus_vanellus,Charadriidae,NA,NA,NA,NA,43,86,31,NA,860,51.385,0.805,"Emley marshes, England",UK,1997,1997,1,NO,0.02497,0.54,Hart et al. 2002,,,,,
Vanellus_vanellus,Charadriidae,60,99,0,10,70,169,31,0.6,1815,57.338,-7.385,"South Uist, Hebrides",UK,1996-1997,1996,2,NO,0.03306,0.65,Jackson & Green 2000,,,,,
Vanellus_vanellus,Charadriidae,NA,NA,NA,NA,180,241,31,NA,2410,53.184,-3.114,"Flintshire, North Wales",UK,2003-2004,2003,2,NO,0.02700,0.57,Sharpe 2006,,,,,
Vanellus_vanellus,Charadriidae,44,27,0,0,44,74,31,0.6,866,56.264,16.445,south part of Oländ,Sweden,2004,2004,1,NO,0.05081,0.80,Otwall 2005,,,,,
Vanellus_vanellus,Charadriidae,NA,NA,NA,NA,NA,245,31,NA,2705,53.523,8.398,"Stollhammer Wisch, Northern Lower Saxony",Germany,2001-2005,2003,5,NO,0.023853469,0.53,Junker et al. 2006,,,,,
Vanellus_vanellus,Charadriidae,NA,NA,NA,NA,NA,179,31,NA,1731,54.354,9.357,"Alke Sorge, Meggerdorf",Germany,1999-2002,2000,4,NO,0.02977,0.61,Köster & Bruns 2003,,,,,
Vanellus_vanellus,Charadriidae,69,79,0,4,73,152,31,0.6,2148.3,53.053,-3.633,"Hiraethog,  North Wales",UK,1984-1985,1984,2,YES,0.03212,0.64,Bain 1987,,,,,
Vanellus_vanellus,Charadriidae,89,16,0,18,107,123,31,0.6,1292.7,47.444,9.698,"Lustenau, Austrian Rhine Valley",Austria,2008,2008,1,YES,0.06885,0.89,Pucha et al. 2009,,,,,
Vanellus_vanellus,Charadriidae,NA,NA,NA,NA,NA,54,31,0.9,1020,57.126,12.237,"Varberg, South-West Sweeden",Sweeden,1986-1987,1986,2,NO,0.01406,0.36,Flodin et al. 1995,,,,,
Vanellus_vanellus,Charadriidae,19,12,0,4,23,35,31,0.6,437.1,49.589,13.069,"Holýšov surroundings, West Bohemia",Czech Rep.,1993-1996,1994,4,YES,0.04347,0.75,Schröpfer 2002,,,,,
Xenus_cinereus,Scolopacidae,1,13,0,1,2,15,27,0.5,189,61.713,132.077,"Yakutia, Lena River",Russia,1982,1982,1,YES,0.00529,0.13,Larionov 2015,,,,,
,,,,,,,,,,,,,,,,,,,,,,,,,,
,,,,,,,,,,,,,,,,,,,,,,,,,,
,,,,,,,,,,,,,,,,,,,,,,,,,,
,,,,,,,,,,,,,,,,,,,,,,,,,,
,,,,,,,,,,,,,,,,,,,,,,,,,,
,,,,,,,,,,,,,,,,,,,,,,,,,,
,,,,,,,,,,,,,,,,,,,,,,,,,,
,,,,,,,,,,,,,,,,,,,,,,,,,,
,,,,,,,,,,,,,,,,,,,,,,,,,,
,,,,,,,,,,,,,,,,,,,,,,,,,,
,,,,,,,,,,,,,,,,,,,,,,,,,,
,,,,,,,,,,,,,,,,,,,,,,,,,,
,,,,,,,,,,,,,,,,,,,,,,,,,,
,,,,,,,,,,,,,,,,,,,,,,,,,,
,,,,,,,,,,,,,,,,,,,,,,,,,,
,,,,,,,,,,,,,,,,,,,,,,,,,,
,,,,,,,,,,,,,,,,,,,,,,,,,,
,,,,,,,,,,,,,,,,,,,,,,,,,,
,,,,,,,,,,,,,,,,,,,,,,,,,,
,,,,,,,,,,,,,,,,,,,,,,,,,,
,,,,,,,,,,,,,,,,,,,,,,,,,,
,,,,,,,,,,,,,,,,,,,,,,,,,,
,,,,,,,,,,,,,,,,,,,,,,,,,,
,,,,,,,,,,,,,,,,,,,,,,,,,,
,,,,,,,,,,,,,,,,,,,,,,,,,,
,,,,,,,,,,,,,,,,,,,,,,,,,,
,,,,,,,,,,,,,,,,,,,,,,,,,,
,,,,,,,,,,,,,,,,,,,,,,,,,,
,,,,,,,,,,,,,,,,,,,,,,,,,,
,,,,,,,,,,,,,,,,,,,,,,,,,,
,,,,,,,,,,,,,,,,,,,,,,,,,,
,,,,,,,,,,,,,,,,,,,,,,,,,,
,,,,,,,,,,,,,,,,,,,,,,,,,,
,,,,,,,,,,,,,,,,,,,,,,,,,,
,,,,,,,,,,,,,,,,,,,,,,,,,,
,,,,,,,,,,,,,,,,,,,,,,,,,,
,,,,,,,,,,,,,,,,,,,,,,,,,,
,,,,,,,,,,,,,,,,,,,,,,,,,,
,,,,,,,,,,,,,,,,,,,,,,,,,,
,,,,,,,,,,,,,,,,,,,,,,,,,,
,,,,,,,,,,,,,,,,,,,,,,,,,,
,,,,,,,,,,,,,,,,,,,,,,,,,,
,,,,,,,,,,,,,,,,,,,,,,,,,,
,,,,,,,,,,,,,,,,,,,,,,,,,,
,,,,,,,,,,,,,,,,,,,,,,,,,,
,,,,,,,,,,,,,,,,,,,,,,,,,,
,,,,,,,,,,,,,,,,,,,,,,,,,,
,,,,,,,,,,,,,,,,,,,,,,,,,,
,,,,,,,,,,,,,,,,,,,,,,,,,,
,,,,,,,,,,,,,,,,,,,,,,,,,,
,,,,,,,,,,,,,,,,,,,,,,,,,,
,,,,,,,,,,,,,,,,,,,,,,,,,,
,,,,,,,,,,,,,,,,,,,,,,,,,,
,,,,,,,,,,,,,,,,,,,,,,,,,,
,,,,,,,,,,,,,,,,,,,,,,,,,,
,,,,,,,,,,,,,,,,,,,,,,,,,,
,,,,,,,,,,,,,,,,,,,,,,,,,,
,,,,,,,,,,,,,,,,,,,,,,,,,,
,,,,,,,,,,,,,,,,,,,,,,,,,,
,,,,,,,,,,,,,,,,,,,,,,,,,,
,,,,,,,,,,,,,,,,,,,,,,,,,,
,,,,,,,,,,,,,,,,,,,,,,,,,,
,,,,,,,,,,,,,,,,,,,,,,,,,,
,,,,,,,,,,,,,,,,,,,,,,,,,,
,,,,,,,,,,,,,,,,,,,,,,,,,,
,,,,,,,,,,,,,,,,,,,,,,,,,,
,,,,,,,,,,,,,,,,,,,,,,,,,,
,,,,,,,,,,,,,,,,,,,,,,,,,,
,,,,,,,,,,,,,,,,,,,,,,,,,,
,,,,,,,,,,,,,,,,,,,,,,,,,,
,,,,,,,,,,,,,,,,,,,,,,,,,,
,,,,,,,,,,,,,,,,,,,,,,,,,,
,,,,,,,,,,,,,,,,,,,,,,,,,,
,,,,,,,,,,,,,,,,,,,,,,,,,,
,,,,,,,,,,,,,,,,,,,,,,,,,,
,,,,,,,,,,,,,,,,,,,,,,,,,,
,,,,,,,,,,,,,,,,,,,,,,,,,,
,,,,,,,,,,,,,,,,,,,,,,,,,,
,,,,,,,,,,,,,,,,,,,,,,,,,,
,,,,,,,,,,,,,,,,,,,,,,,,,,
,,,,,,,,,,,,,,,,,,,,,,,,,,
,,,,,,,,,,,,,,,,,,,,,,,,,,
,,,,,,,,,,,,,,,,,,,,,,,,,,
,,,,,,,,,,,,,,,,,,,,,,,,,,
,,,,,,,,,,,,,,,,,,,,,,,,,,
,,,,,,,,,,,,,,,,,,,,,,,,,,
,,,,,,,,,,,,,,,,,,,,,,,,,,
,,,,,,,,,,,,,,,,,,,,,,,,,,
,,,,,,,,,,,,,,,,,,,,,,,,,,
,,,,,,,,,,,,,,,,,,,,,,,,,,
,,,,,,,,,,,,,,,,,,,,,,,,,,
,,,,,,,,,,,,,,,,,,,,,,,,,,
,,,,,,,,,,,,,,,,,,,,,,,,,,
,,,,,,,,,,,,,,,,,,,,,,,,,,
,,,,,,,,,,,,,,,,,,,,,,,,,,
,,,,,,,,,,,,,,,,,,,,,,,,,,
,,,,,,,,,,,,,,,,,,,,,,,,,,
,,,,,,,,,,,,,,,,,,,,,,,,,,
,,,,,,,,,,,,,,,,,,,,,,,,,,
,,,,,,,,,,,,,,,,,,,,,,,,,,
,,,,,,,,,,,,,,,,,,,,,,,,,,
,,,,,,,,,,,,,,,,,,,,,,,,,,
,,,,,,,,,,,,,,,,,,,,,,,,,,
,,,,,,,,,,,,,,,,,,,,,,,,,,
,,,,,,,,,,,,,,,,,,,,,,,,,,
,,,,,,,,,,,,,,,,,,,,,,,,,,
,,,,,,,,,,,,,,,,,,,,,,,,,,
,,,,,,,,,,,,,,,,,,,,,,,,,,
,,,,,,,,,,,,,,,,,,,,,,,,,,
,,,,,,,,,,,,,,,,,,,,,,,,,,
,,,,,,,,,,,,,,,,,,,,,,,,,,
,,,,,,,,,,,,,,,,,,,,,,,,,,
,,,,,,,,,,,,,,,,,,,,,,,,,,
,,,,,,,,,,,,,,,,,,,,,,,,,,
,,,,,,,,,,,,,,,,,,,,,,,,,,
,,,,,,,,,,,,,,,,,,,,,,,,,,
,,,,,,,,,,,,,,,,,,,,,,,,,,
,,,,,,,,,,,,,,,,,,,,,,,,,,
,,,,,,,,,,,,,,,,,,,,,,,,,,
,,,,,,,,,,,,,,,,,,,,,,,,,,
,,,,,,,,,,,,,,,,,,,,,,,,,,
,,,,,,,,,,,,,,,,,,,,,,,,,,
,,,,,,,,,,,,,,,,,,,,,,,,,,
,,,,,,,,,,,,,,,,,,,,,,,,,,
,,,,,,,,,,,,,,,,,,,,,,,,,,
,,,,,,,,,,,,,,,,,,,,,,,,,,
,,,,,,,,,,,,,,,,,,,,,,,,,,
,,,,,,,,,,,,,,,,,,,,,,,,,,
,,,,,,,,,,,,,,,,,,,,,,,,,,
,,,,,,,,,,,,,,,,,,,,,,,,,,
,,,,,,,,,,,,,,,,,,,,,,,,,,
,,,,,,,,,,,,,,,,,,,,,,,,,,
,,,,,,,,,,,,,,,,,,,,,,,,,,
,,,,,,,,,,,,,,,,,,,,,,,,,,
,,,,,,,,,,,,,,,,,,,,,,,,,,
,,,,,,,,,,,,,,,,,,,,,,,,,,
,,,,,,,,,,,,,,,,,,,,,,,,,,
,,,,,,,,,,,,,,,,,,,,,,,,,,
,,,,,,,,,,,,,,,,,,,,,,,,,,
,,,,,,,,,,,,,,,,,,,,,,,,,,
,,,,,,,,,,,,,,,,,,,,,,,,,,
,,,,,,,,,,,,,,,,,,,,,,,,,,
,,,,,,,,,,,,,,,,,,,,,,,,,,
,,,,,,,,,,,,,,,,,,,,,,,,,,
,,,,,,,,,,,,,,,,,,,,,,,,,,
,,,,,,,,,,,,,,,,,,,,,,,,,,
,,,,,,,,,,,,,,,,,,,,,,,,,,
,,,,,,,,,,,,,,,,,,,,,,,,,,
,,,,,,,,,,,,,,,,,,,,,,,,,,
,,,,,,,,,,,,,,,,,,,,,,,,,,
,,,,,,,,,,,,,,,,,,,,,,,,,,
,,,,,,,,,,,,,,,,,,,,,,,,,,
,,,,,,,,,,,,,,,,,,,,,,,,,,
,,,,,,,,,,,,,,,,,,,,,,,,,,
,,,,,,,,,,,,,,,,,,,,,,,,,,
,,,,,,,,,,,,,,,,,,,,,,,,,,
,,,,,,,,,,,,,,,,,,,,,,,,,,
,,,,,,,,,,,,,,,,,,,,,,,,,,
,,,,,,,,,,,,,,,,,,,,,,,,,,
,,,,,,,,,,,,,,,,,,,,,,,,,,
,,,,,,,,,,,,,,,,,,,,,,,,,,
,,,,,,,,,,,,,,,,,,,,,,,,,,
,,,,,,,,,,,,,,,,,,,,,,,,,,
,,,,,,,,,,,,,,,,,,,,,,,,,,
,,,,,,,,,,,,,,,,,,,,,,,,,,
,,,,,,,,,,,,,,,,,,,,,,,,,,
,,,,,,,,,,,,,,,,,,,,,,,,,,
,,,,,,,,,,,,,,,,,,,,,,,,,,
,,,,,,,,,,,,,,,,,,,,,,,,,,
,,,,,,,,,,,,,,,,,,,,,,,,,,
,,,,,,,,,,,,,,,,,,,,,,,,,,
,,,,,,,,,,,,,,,,,,,,,,,,,,
,,,,,,,,,,,,,,,,,,,,,,,,,,
,,,,,,,,,,,,,,,,,,,,,,,,,,
,,,,,,,,,,,,,,,,,,,,,,,,,,
,,,,,,,,,,,,,,,,,,,,,,,,,,
,,,,,,,,,,,,,,,,,,,,,,,,,,
,,,,,,,,,,,,,,,,,,,,,,,,,,
,,,,,,,,,,,,,,,,,,,,,,,,,,
,,,,,,,,,,,,,,,,,,,,,,,,,,
,,,,,,,,,,,,,,,,,,,,,,,,,,
,,,,,,,,,,,,,,,,,,,,,,,,,,
,,,,,,,,,,,,,,,,,,,,,,,,,,
,,,,,,,,,,,,,,,,,,,,,,,,,,
,,,,,,,,,,,,,,,,,,,,,,,,,,
,,,,,,,,,,,,,,,,,,,,,,,,,,
,,,,,,,,,,,,,,,,,,,,,,,,,,
,,,,,,,,,,,,,,,,,,,,,,,,,,
,,,,,,,,,,,,,,,,,,,,,,,,,,
,,,,,,,,,,,,,,,,,,,,,,,,,,
,,,,,,,,,,,,,,,,,,,,,,,,,,
,,,,,,,,,,,,,,,,,,,,,,,,,,
,,,,,,,,,,,,,,,,,,,,,,,,,,
,,,,,,,,,,,,,,,,,,,,,,,,,,
,,,,,,,,,,,,,,,,,,,,,,,,,,
,,,,,,,,,,,,,,,,,,,,,,,,,,
,,,,,,,,,,,,,,,,,,,,,,,,,,
,,,,,,,,,,,,,,,,,,,,,,,,,,
,,,,,,,,,,,,,,,,,,,,,,,,,,
,,,,,,,,,,,,,,,,,,,,,,,,,,
,,,,,,,,,,,,,,,,,,,,,,,,,,
,,,,,,,,,,,,,,,,,,,,,,,,,,
,,,,,,,,,,,,,,,,,,,,,,,,,,
,,,,,,,,,,,,,,,,,,,,,,,,,,
,,,,,,,,,,,,,,,,,,,,,,,,,,
,,,,,,,,,,,,,,,,,,,,,,,,,,
,,,,,,,,,,,,,,,,,,,,,,,,,,
,,,,,,,,,,,,,,,,,,,,,,,,,,
,,,,,,,,,,,,,,,,,,,,,,,,,,
,,,,,,,,,,,,,,,,,,,,,,,,,,
,,,,,,,,,,,,,,,,,,,,,,,,,,
,,,,,,,,,,,,,,,,,,,,,,,,,,
,,,,,,,,,,,,,,,,,,,,,,,,,,
,,,,,,,,,,,,,,,,,,,,,,,,,,
,,,,,,,,,,,,,,,,,,,,,,,,,,
,,,,,,,,,,,,,,,,,,,,,,,,,,
,,,,,,,,,,,,,,,,,,,,,,,,,,
,,,,,,,,,,,,,,,,,,,,,,,,,,
,,,,,,,,,,,,,,,,,,,,,,,,,,
,,,,,,,,,,,,,,,,,,,,,,,,,,
,,,,,,,,,,,,,,,,,,,,,,,,,,
,,,,,,,,,,,,,,,,,,,,,,,,,,
,,,,,,,,,,,,,,,,,,,,,,,,,,
,,,,,,,,,,,,,,,,,,,,,,,,,,
,,,,,,,,,,,,,,,,,,,,,,,,,,
,,,,,,,,,,,,,,,,,,,,,,,,,,
,,,,,,,,,,,,,,,,,,,,,,,,,,
,,,,,,,,,,,,,,,,,,,,,,,,,,
,,,,,,,,,,,,,,,,,,,,,,,,,,
,,,,,,,,,,,,,,,,,,,,,,,,,,
,,,,,,,,,,,,,,,,,,,,,,,,,,
,,,,,,,,,,,,,,,,,,,,,,,,,,
,,,,,,,,,,,,,,,,,,,,,,,,,,
,,,,,,,,,,,,,,,,,,,,,,,,,,
,,,,,,,,,,,,,,,,,,,,,,,,,,
,,,,,,,,,,,,,,,,,,,,,,,,,,
,,,,,,,,,,,,,,,,,,,,,,,,,,
,,,,,,,,,,,,,,,,,,,,,,,,,,
,,,,,,,,,,,,,,,,,,,,,,,,,,
,,,,,,,,,,,,,,,,,,,,,,,,,,
,,,,,,,,,,,,,,,,,,,,,,,,,,
,,,,,,,,,,,,,,,,,,,,,,,,,,
,,,,,,,,,,,,,,,,,,,,,,,,,,
,,,,,,,,,,,,,,,,,,,,,,,,,,
,,,,,,,,,,,,,,,,,,,,,,,,,,
,,,,,,,,,,,,,,,,,,,,,,,,,,
,,,,,,,,,,,,,,,,,,,,,,,,,,
,,,,,,,,,,,,,,,,,,,,,,,,,,
,,,,,,,,,,,,,,,,,,,,,,,,,,
,,,,,,,,,,,,,,,,,,,,,,,,,,
,,,,,,,,,,,,,,,,,,,,,,,,,,
,,,,,,,,,,,,,,,,,,,,,,,,,,
,,,,,,,,,,,,,,,,,,,,,,,,,,
,,,,,,,,,,,,,,,,,,,,,,,,,,
,,,,,,,,,,,,,,,,,,,,,,,,,,
,,,,,,,,,,,,,,,,,,,,,,,,,,
,,,,,,,,,,,,,,,,,,,,,,,,,,
,,,,,,,,,,,,,,,,,,,,,,,,,,
,,,,,,,,,,,,,,,,,,,,,,,,,,
,,,,,,,,,,,,,,,,,,,,,,,,,,
,,,,,,,,,,,,,,,,,,,,,,,,,,
,,,,,,,,,,,,,,,,,,,,,,,,,,
,,,,,,,,,,,,,,,,,,,,,,,,,,
,,,,,,,,,,,,,,,,,,,,,,,,,,
,,,,,,,,,,,,,,,,,,,,,,,,,,
,,,,,,,,,,,,,,,,,,,,,,,,,,
,,,,,,,,,,,,,,,,,,,,,,,,,,
,,,,,,,,,,,,,,,,,,,,,,,,,,
,,,,,,,,,,,,,,,,,,,,,,,,,,
,,,,,,,,,,,,,,,,,,,,,,,,,,
,,,,,,,,,,,,,,,,,,,,,,,,,,
,,,,,,,,,,,,,,,,,,,,,,,,,,
,,,,,,,,,,,,,,,,,,,,,,,,,,
,,,,,,,,,,,,,,,,,,,,,,,,,,
,,,,,,,,,,,,,,,,,,,,,,,,,,
,,,,,,,,,,,,,,,,,,,,,,,,,,
,,,,,,,,,,,,,,,,,,,,,,,,,,
,,,,,,,,,,,,,,,,,,,,,,,,,,
,,,,,,,,,,,,,,,,,,,,,,,,,,
,,,,,,,,,,,,,,,,,,,,,,,,,,
,,,,,,,,,,,,,,,,,,,,,,,,,,
,,,,,,,,,,,,,,,,,,,,,,,,,,
,,,,,,,,,,,,,,,,,,,,,,,,,,
,,,,,,,,,,,,,,,,,,,,,,,,,,
,,,,,,,,,,,,,,,,,,,,,,,,,,
,,,,,,,,,,,,,,,,,,,,,,,,,,
,,,,,,,,,,,,,,,,,,,,,,,,,,
,,,,,,,,,,,,,,,,,,,,,,,,,,
,,,,,,,,,,,,,,,,,,,,,,,,,,
,,,,,,,,,,,,,,,,,,,,,,,,,,
,,,,,,,,,,,,,,,,,,,,,,,,,,
,,,,,,,,,,,,,,,,,,,,,,,,,,
,,,,,,,,,,,,,,,,,,,,,,,,,,
,,,,,,,,,,,,,,,,,,,,,,,,,,
,,,,,,,,,,,,,,,,,,,,,,,,,,
,,,,,,,,,,,,,,,,,,,,,,,,,,
,,,,,,,,,,,,,,,,,,,,,,,,,,
,,,,,,,,,,,,,,,,,,,,,,,,,,
,,,,,,,,,,,,,,,,,,,,,,,,,,
,,,,,,,,,,,,,,,,,,,,,,,,,,
,,,,,,,,,,,,,,,,,,,,,,,,,,
,,,,,,,,,,,,,,,,,,,,,,,,,,
,,,,,,,,,,,,,,,,,,,,,,,,,,
,,,,,,,,,,,,,,,,,,,,,,,,,,
,,,,,,,,,,,,,,,,,,,,,,,,,,
,,,,,,,,,,,,,,,,,,,,,,,,,,
,,,,,,,,,,,,,,,,,,,,,,,,,,
,,,,,,,,,,,,,,,,,,,,,,,,,,
,,,,,,,,,,,,,,,,,,,,,,,,,,
,,,,,,,,,,,,,,,,,,,,,,,,,,
,,,,,,,,,,,,,,,,,,,,,,,,,,
,,,,,,,,,,,,,,,,,,,,,,,,,,
,,,,,,,,,,,,,,,,,,,,,,,,,,
,,,,,,,,,,,,,,,,,,,,,,,,,,
,,,,,,,,,,,,,,,,,,,,,,,,,,
,,,,,,,,,,,,,,,,,,,,,,,,,,
,,,,,,,,,,,,,,,,,,,,,,,,,,
,,,,,,,,,,,,,,,,,,,,,,,,,,
,,,,,,,,,,,,,,,,,,,,,,,,,,
,,,,,,,,,,,,,,,,,,,,,,,,,,
,,,,,,,,,,,,,,,,,,,,,,,,,,
,,,,,,,,,,,,,,,,,,,,,,,,,,
,,,,,,,,,,,,,,,,,,,,,,,,,,
,,,,,,,,,,,,,,,,,,,,,,,,,,
,,,,,,,,,,,,,,,,,,,,,,,,,,
,,,,,,,,,,,,,,,,,,,,,,,,,,
,,,,,,,,,,,,,,,,,,,,,,,,,,
,,,,,,,,,,,,,,,,,,,,,,,,,,
,,,,,,,,,,,,,,,,,,,,,,,,,,
,,,,,,,,,,,,,,,,,,,,,,,,,,
,,,,,,,,,,,,,,,,,,,,,,,,,,
,,,,,,,,,,,,,,,,,,,,,,,,,,
,,,,,,,,,,,,,,,,,,,,,,,,,,
,,,,,,,,,,,,,,,,,,,,,,,,,,
,,,,,,,,,,,,,,,,,,,,,,,,,,
,,,,,,,,,,,,,,,,,,,,,,,,,,
,,,,,,,,,,,,,,,,,,,,,,,,,,
,,,,,,,,,,,,,,,,,,,,,,,,,,
,,,,,,,,,,,,,,,,,,,,,,,,,,
,,,,,,,,,,,,,,,,,,,,,,,,,,
,,,,,,,,,,,,,,,,,,,,,,,,,,
,,,,,,,,,,,,,,,,,,,,,,,,,,
,,,,,,,,,,,,,,,,,,,,,,,,,,
,,,,,,,,,,,,,,,,,,,,,,,,,,
,,,,,,,,,,,,,,,,,,,,,,,,,,
,,,,,,,,,,,,,,,,,,,,,,,,,,
,,,,,,,,,,,,,,,,,,,,,,,,,,
,,,,,,,,,,,,,,,,,,,,,,,,,,
,,,,,,,,,,,,,,,,,,,,,,,,,,
,,,,,,,,,,,,,,,,,,,,,,,,,,
,,,,,,,,,,,,,,,,,,,,,,,,,,
,,,,,,,,,,,,,,,,,,,,,,,,,,
,,,,,,,,,,,,,,,,,,,,,,,,,,
,,,,,,,,,,,,,,,,,,,,,,,,,,
,,,,,,,,,,,,,,,,,,,,,,,,,,
,,,,,,,,,,,,,,,,,,,,,,,,,,
,,,,,,,,,,,,,,,,,,,,,,,,,,
,,,,,,,,,,,,,,,,,,,,,,,,,,
,,,,,,,,,,,,,,,,,,,,,,,,,,
,,,,,,,,,,,,,,,,,,,,,,,,,,
,,,,,,,,,,,,,,,,,,,,,,,,,,
,,,,,,,,,,,,,,,,,,,,,,,,,,
,,,,,,,,,,,,,,,,,,,,,,,,,,
,,,,,,,,,,,,,,,,,,,,,,,,,,
,,,,,,,,,,,,,,,,,,,,,,,,,,
,,,,,,,,,,,,,,,,,,,,,,,,,,
,,,,,,,,,,,,,,,,,,,,,,,,,,
,,,,,,,,,,,,,,,,,,,,,,,,,,
,,,,,,,,,,,,,,,,,,,,,,,,,,
,,,,,,,,,,,,,,,,,,,,,,,,,,
,,,,,,,,,,,,,,,,,,,,,,,,,,
,,,,,,,,,,,,,,,,,,,,,,,,,,
,,,,,,,,,,,,,,,,,,,,,,,,,,
,,,,,,,,,,,,,,,,,,,,,,,,,,
,,,,,,,,,,,,,,,,,,,,,,,,,,
,,,,,,,,,,,,,,,,,,,,,,,,,,
,,,,,,,,,,,,,,,,,,,,,,,,,,
,,,,,,,,,,,,,,,,,,,,,,,,,,
,,,,,,,,,,,,,,,,,,,,,,,,,,
,,,,,,,,,,,,,,,,,,,,,,,,,,
,,,,,,,,,,,,,,,,,,,,,,,,,,
,,,,,,,,,,,,,,,,,,,,,,,,,,
,,,,,,,,,,,,,,,,,,,,,,,,,,
,,,,,,,,,,,,,,,,,,,,,,,,,,
,,,,,,,,,,,,,,,,,,,,,,,,,,
,,,,,,,,,,,,,,,,,,,,,,,,,,
,,,,,,,,,,,,,,,,,,,,,,,,,,
,,,,,,,,,,,,,,,,,,,,,,,,,,
,,,,,,,,,,,,,,,,,,,,,,,,,,
,,,,,,,,,,,,,,,,,,,,,,,,,,
,,,,,,,,,,,,,,,,,,,,,,,,,,
,,,,,,,,,,,,,,,,,,,,,,,,,,
,,,,,,,,,,,,,,,,,,,,,,,,,,
,,,,,,,,,,,,,,,,,,,,,,,,,,
,,,,,,,,,,,,,,,,,,,,,,,,,,
,,,,,,,,,,,,,,,,,,,,,,,,,,
,,,,,,,,,,,,,,,,,,,,,,,,,,
,,,,,,,,,,,,,,,,,,,,,,,,,,
,,,,,,,,,,,,,,,,,,,,,,,,,,
,,,,,,,,,,,,,,,,,,,,,,,,,,
,,,,,,,,,,,,,,,,,,,,,,,,,,
,,,,,,,,,,,,,,,,,,,,,,,,,,
,,,,,,,,,,,,,,,,,,,,,,,,,,
,,,,,,,,,,,,,,,,,,,,,,,,,,
,,,,,,,,,,,,,,,,,,,,,,,,,,
,,,,,,,,,,,,,,,,,,,,,,,,,,
,,,,,,,,,,,,,,,,,,,,,,,,,,
,,,,,,,,,,,,,,,,,,,,,,,,,,
,,,,,,,,,,,,,,,,,,,,,,,,,,
,,,,,,,,,,,,,,,,,,,,,,,,,,
,,,,,,,,,,,,,,,,,,,,,,,,,,
,,,,,,,,,,,,,,,,,,,,,,,,,,
,,,,,,,,,,,,,,,,,,,,,,,,,,
,,,,,,,,,,,,,,,,,,,,,,,,,,
,,,,,,,,,,,,,,,,,,,,,,,,,,
,,,,,,,,,,,,,,,,,,,,,,,,,,
,,,,,,,,,,,,,,,,,,,,,,,,,,
,,,,,,,,,,,,,,,,,,,,,,,,,,
,,,,,,,,,,,,,,,,,,,,,,,,,,
,,,,,,,,,,,,,,,,,,,,,,,,,,
,,,,,,,,,,,,,,,,,,,,,,,,,,
,,,,,,,,,,,,,,,,,,,,,,,,,,
,,,,,,,,,,,,,,,,,,,,,,,,,,
,,,,,,,,,,,,,,,,,,,,,,,,,,
,,,,,,,,,,,,,,,,,,,,,,,,,,
,,,,,,,,,,,,,,,,,,,,,,,,,,
,,,,,,,,,,,,,,,,,,,,,,,,,,
,,,,,,,,,,,,,,,,,,,,,,,,,,
,,,,,,,,,,,,,,,,,,,,,,,,,,
,,,,,,,,,,,,,,,,,,,,,,,,,,
,,,,,,,,,,,,,,,,,,,,,,,,,,
,,,,,,,,,,,,,,,,,,,,,,,,,,
,,,,,,,,,,,,,,,,,,,,,,,,,,
,,,,,,,,,,,,,,,,,,,,,,,,,,
,,,,,,,,,,,,,,,,,,,,,,,,,,
,,,,,,,,,,,,,,,,,,,,,,,,,,
,,,,,,,,,,,,,,,,,,,,,,,,,,
,,,,,,,,,,,,,,,,,,,,,,,,,,
,,,,,,,,,,,,,,,,,,,,,,,,,,
,,,,,,,,,,,,,,,,,,,,,,,,,,
,,,,,,,,,,,,,,,,,,,,,,,,,,
,,,,,,,,,,,,,,,,,,,,,,,,,,
,,,,,,,,,,,,,,,,,,,,,,,,,,
,,,,,,,,,,,,,,,,,,,,,,,,,,
,,,,,,,,,,,,,,,,,,,,,,,,,,
,,,,,,,,,,,,,,,,,,,,,,,,,,
,,,,,,,,,,,,,,,,,,,,,,,,,,
,,,,,,,,,,,,,,,,,,,,,,,,,,
,,,,,,,,,,,,,,,,,,,,,,,,,,
,,,,,,,,,,,,,,,,,,,,,,,,,,
,,,,,,,,,,,,,,,,,,,,,,,,,,
,,,,,,,,,,,,,,,,,,,,,,,,,,
,,,,,,,,,,,,,,,,,,,,,,,,,,
,,,,,,,,,,,,,,,,,,,,,,,,,,
,,,,,,,,,,,,,,,,,,,,,,,,,,
,,,,,,,,,,,,,,,,,,,,,,,,,,
,,,,,,,,,,,,,,,,,,,,,,,,,,
,,,,,,,,,,,,,,,,,,,,,,,,,,
,,,,,,,,,,,,,,,,,,,,,,,,,,
,,,,,,,,,,,,,,,,,,,,,,,,,,
,,,,,,,,,,,,,,,,,,,,,,,,,,
,,,,,,,,,,,,,,,,,,,,,,,,,,
,,,,,,,,,,,,,,,,,,,,,,,,,,
,,,,,,,,,,,,,,,,,,,,,,,,,,
,,,,,,,,,,,,,,,,,,,,,,,,,,
,,,,,,,,,,,,,,,,,,,,,,,,,,
,,,,,,,,,,,,,,,,,,,,,,,,,,
,,,,,,,,,,,,,,,,,,,,,,,,,,
,,,,,,,,,,,,,,,,,,,,,,,,,,
,,,,,,,,,,,,,,,,,,,,,,,,,,
,,,,,,,,,,,,,,,,,,,,,,,,,,
,,,,,,,,,,,,,,,,,,,,,,,,,,
,,,,,,,,,,,,,,,,,,,,,,,,,,
,,,,,,,,,,,,,,,,,,,,,,,,,,
,,,,,,,,,,,,,,,,,,,,,,,,,,
,,,,,,,,,,,,,,,,,,,,,,,,,,
,,,,,,,,,,,,,,,,,,,,,,,,,,
,,,,,,,,,,,,,,,,,,,,,,,,,,
,,,,,,,,,,,,,,,,,,,,,,,,,,
,,,,,,,,,,,,,,,,,,,,,,,,,,
,,,,,,,,,,,,,,,,,,,,,,,,,,
,,,,,,,,,,,,,,,,,,,,,,,,,,
,,,,,,,,,,,,,,,,,,,,,,,,,,
,,,,,,,,,,,,,,,,,,,,,,,,,,
,,,,,,,,,,,,,,,,,,,,,,,,,,
,,,,,,,,,,,,,,,,,,,,,,,,,,
,,,,,,,,,,,,,,,,,,,,,,,,,,
,,,,,,,,,,,,,,,,,,,,,,,,,,
,,,,,,,,,,,,,,,,,,,,,,,,,,
,,,,,,,,,,,,,,,,,,,,,,,,,,
,,,,,,,,,,,,,,,,,,,,,,,,,,
,,,,,,,,,,,,,,,,,,,,,,,,,,
,,,,,,,,,,,,,,,,,,,,,,,,,,
,,,,,,,,,,,,,,,,,,,,,,,,,,
,,,,,,,,,,,,,,,,,,,,,,,,,,
,,,,,,,,,,,,,,,,,,,,,,,,,,
,,,,,,,,,,,,,,,,,,,,,,,,,,
,,,,,,,,,,,,,,,,,,,,,,,,,,
,,,,,,,,,,,,,,,,,,,,,,,,,,
,,,,,,,,,,,,,,,,,,,,,,,,,,
,,,,,,,,,,,,,,,,,,,,,,,,,,
,,,,,,,,,,,,,,,,,,,,,,,,,,
,,,,,,,,,,,,,,,,,,,,,,,,,,
,,,,,,,,,,,,,,,,,,,,,,,,,,
,,,,,,,,,,,,,,,,,,,,,,,,,,
,,,,,,,,,,,,,,,,,,,,,,,,,,
,,,,,,,,,,,,,,,,,,,,,,,,,,
,,,,,,,,,,,,,,,,,,,,,,,,,,
,,,,,,,,,,,,,,,,,,,,,,,,,,
,,,,,,,,,,,,,,,,,,,,,,,,,,
,,,,,,,,,,,,,,,,,,,,,,,,,,
,,,,,,,,,,,,,,,,,,,,,,,,,,
,,,,,,,,,,,,,,,,,,,,,,,,,,
,,,,,,,,,,,,,,,,,,,,,,,,,,
,,,,,,,,,,,,,,,,,,,,,,,,,,
,,,,,,,,,,,,,,,,,,,,,,,,,,
,,,,,,,,,,,,,,,,,,,,,,,,,,
,,,,,,,,,,,,,,,,,,,,,,,,,,
,,,,,,,,,,,,,,,,,,,,,,,,,,
,,,,,,,,,,,,,,,,,,,,,,,,,,
,,,,,,,,,,,,,,,,,,,,,,,,,,
,,,,,,,,,,,,,,,,,,,,,,,,,,
,,,,,,,,,,,,,,,,,,,,,,,,,,
,,,,,,,,,,,,,,,,,,,,,,,,,,
,,,,,,,,,,,,,,,,,,,,,,,,,,
,,,,,,,,,,,,,,,,,,,,,,,,,,
,,,,,,,,,,,,,,,,,,,,,,,,,,
,,,,,,,,,,,,,,,,,,,,,,,,,,
,,,,,,,,,,,,,,,,,,,,,,,,,,
,,,,,,,,,,,,,,,,,,,,,,,,,,
,,,,,,,,,,,,,,,,,,,,,,,,,,
,,,,,,,,,,,,,,,,,,,,,,,,,,
,,,,,,,,,,,,,,,,,,,,,,,,,,
,,,,,,,,,,,,,,,,,,,,,,,,,,
,,,,,,,,,,,,,,,,,,,,,,,,,,
,,,,,,,,,,,,,,,,,,,,,,,,,,
,,,,,,,,,,,,,,,,,,,,,,,,,,
,,,,,,,,,,,,,,,,,,,,,,,,,,
,,,,,,,,,,,,,,,,,,,,,,,,,,
,,,,,,,,,,,,,,,,,,,,,,,,,,
,,,,,,,,,,,,,,,,,,,,,,,,,,
,,,,,,,,,,,,,,,,,,,,,,,,,,
,,,,,,,,,,,,,,,,,,,,,,,,,,
,,,,,,,,,,,,,,,,,,,,,,,,,,
,,,,,,,,,,,,,,,,,,,,,,,,,,
,,,,,,,,,,,,,,,,,,,,,,,,,,
,,,,,,,,,,,,,,,,,,,,,,,,,,
,,,,,,,,,,,,,,,,,,,,,,,,,,
,,,,,,,,,,,,,,,,,,,,,,,,,,
,,,,,,,,,,,,,,,,,,,,,,,,,,
,,,,,,,,,,,,,,,,,,,,,,,,,,
,,,,,,,,,,,,,,,,,,,,,,,,,,
,,,,,,,,,,,,,,,,,,,,,,,,,,
,,,,,,,,,,,,,,,,,,,,,,,,,,
,,,,,,,,,,,,,,,,,,,,,,,,,,
,,,,,,,,,,,,,,,,,,,,,,,,,,
,,,,,,,,,,,,,,,,,,,,,,,,,,
,,,,,,,,,,,,,,,,,,,,,,,,,,
,,,,,,,,,,,,,,,,,,,,,,,,,,
,,,,,,,,,,,,,,,,,,,,,,,,,,
,,,,,,,,,,,,,,,,,,,,,,,,,,
,,,,,,,,,,,,,,,,,,,,,,,,,,
,,,,,,,,,,,,,,,,,,,,,,,,,,
,,,,,,,,,,,,,,,,,,,,,,,,,,
,,,,,,,,,,,,,,,,,,,,,,,,,,
,,,,,,,,,,,,,,,,,,,,,,,,,,
,,,,,,,,,,,,,,,,,,,,,,,,,,
,,,,,,,,,,,,,,,,,,,,,,,,,,
,,,,,,,,,,,,,,,,,,,,,,,,,,
,,,,,,,,,,,,,,,,,,,,,,,,,,
,,,,,,,,,,,,,,,,,,,,,,,,,,
,,,,,,,,,,,,,,,,,,,,,,,,,,
,,,,,,,,,,,,,,,,,,,,,,,,,,
,,,,,,,,,,,,,,,,,,,,,,,,,,
,,,,,,,,,,,,,,,,,,,,,,,,,,
,,,,,,,,,,,,,,,,,,,,,,,,,,
,,,,,,,,,,,,,,,,,,,,,,,,,,
,,,,,,,,,,,,,,,,,,,,,,,,,,
,,,,,,,,,,,,,,,,,,,,,,,,,,
,,,,,,,,,,,,,,,,,,,,,,,,,,
,,,,,,,,,,,,,,,,,,,,,,,,,,
,,,,,,,,,,,,,,,,,,,,,,,,,,
,,,,,,,,,,,,,,,,,,,,,,,,,,
,,,,,,,,,,,,,,,,,,,,,,,,,,
,,,,,,,,,,,,,,,,,,,,,,,,,,
,,,,,,,,,,,,,,,,,,,,,,,,,,
,,,,,,,,,,,,,,,,,,,,,,,,,,
,,,,,,,,,,,,,,,,,,,,,,,,,,
,,,,,,,,,,,,,,,,,,,,,,,,,,
,,,,,,,,,,,,,,,,,,,,,,,,,,
,,,,,,,,,,,,,,,,,,,,,,,,,,
,,,,,,,,,,,,,,,,,,,,,,,,,,
,,,,,,,,,,,,,,,,,,,,,,,,,,
,,,,,,,,,,,,,,,,,,,,,,,,,,
,,,,,,,,,,,,,,,,,,,,,,,,,,
,,,,,,,,,,,,,,,,,,,,,,,,,,
,,,,,,,,,,,,,,,,,,,,,,,,,,
,,,,,,,,,,,,,,,,,,,,,,,,,,
,,,,,,,,,,,,,,,,,,,,,,,,,,
,,,,,,,,,,,,,,,,,,,,,,,,,,
,,,,,,,,,,,,,,,,,,,,,,,,,,
,,,,,,,,,,,,,,,,,,,,,,,,,,
,,,,,,,,,,,,,,,,,,,,,,,,,,
,,,,,,,,,,,,,,,,,,,,,,,,,,
,,,,,,,,,,,,,,,,,,,,,,,,,,
,,,,,,,,,,,,,,,,,,,,,,,,,,
,,,,,,,,,,,,,,,,,,,,,,,,,,
,,,,,,,,,,,,,,,,,,,,,,,,,,
,,,,,,,,,,,,,,,,,,,,,,,,,,
,,,,,,,,,,,,,,,,,,,,,,,,,,
,,,,,,,,,,,,,,,,,,,,,,,,,,
,,,,,,,,,,,,,,,,,,,,,,,,,,
,,,,,,,,,,,,,,,,,,,,,,,,,,
,,,,,,,,,,,,,,,,,,,,,,,,,,